market,stock_no,stock_name,date,strategy,reason,score,score_label,score_reasons,volume_ratio,ma20_slope_pct,ma60_slope_pct,close,volume,ma5,ma10,ma20,ma60,source,chart_path
TPEX,3141,晶宏,2026-06-09,台積電策略,主升段回測月線,4,4/5,月線仍在季線之上、月線與季線同步上揚、季線站在半年線之上、回測月線後收盤守住、紅K收在當日相對高位,0.34,23.68,18.06,73.9,1507000,74.65999999999995,77.34000000000006,71.265,54.21333333333333,data\all_tpex\3141_2025-06-02_2026-06-02.csv,
TPEX,3141,晶宏,2026-06-09,群聯策略,主升段回測月線,4,4/5,月線仍在季線之上、月線與季線同步上揚、季線站在半年線之上、回測月線後收盤守住、紅K收在當日相對高位,0.34,23.68,18.06,73.9,1507000,74.65999999999995,77.34000000000006,71.265,54.21333333333333,data\all_tpex\3141_2025-06-02_2026-06-02.csv,
TPEX,3162,精確,2026-06-09,台積電策略,10/20MA支撐後跳空站回5/10/20MA,5,5/5,月線仍在季線之上、月線與季線同步上揚、季線站在半年線之上、回測月線後收盤守住、K棒未轉弱,1.2,1.06,14.48,87.0,5438000,84.38,84.96000000000002,85.75999999999998,73.19166666666665,data\all_tpex\3162_2025-06-02_2026-06-02.csv,
TPEX,3162,精確,2026-06-09,群聯策略,10/20MA支撐後跳空站回5/10/20MA,5,5/5,月線仍在季線之上、月線與季線同步上揚、季線站在半年線之上、回測月線後收盤守住、K棒未轉弱,1.2,1.06,14.48,87.0,5438000,84.38,84.96000000000002,85.75999999999998,73.19166666666665,data\all_tpex\3162_2025-06-02_2026-06-02.csv,
TPEX,3211,順達,2026-06-09,台積電策略,主升段回測月線,4,4/5,月線仍在季線之上、月線與季線同步上揚、季線站在半年線之上、回測月線後收盤守住、低點貼近月線，回測位置乾淨,0.87,8.12,10.05,422.0,9439000,419.2,433.4,403.925,369.10833333333335,data\all_tpex\3211_2025-06-02_2026-06-02.csv,
TPEX,3211,順達,2026-06-09,群聯策略,主升段回測月線,4,4/5,月線仍在季線之上、月線與季線同步上揚、季線站在半年線之上、回測月線後收盤守住、低點貼近月線，回測位置乾淨,0.87,8.12,10.05,422.0,9439000,419.2,433.4,403.925,369.10833333333335,data\all_tpex\3211_2025-06-02_2026-06-02.csv,
TPEX,3290,東浦,2026-06-09,台積電策略,均線糾結後帶量紅K,4,4/5,短中期均線維持多頭排列、季線站在半年線之上、收盤仍在月線上方、紅K收在當日相對高位、爆量至20日均量3.9x，需留意追高,3.89,1.57,0.32,54.0,5099000,50.13000000000002,49.03500000000001,48.1275,46.82000000000002,data\all_tpex\3290_2025-06-02_2026-06-02.csv,
TPEX,3290,東浦,2026-06-09,群聯策略,均線糾結後帶量紅K,4,4/5,短中期均線維持多頭排列、季線站在半年線之上、收盤仍在月線上方、紅K收在當日相對高位、爆量至20日均量3.9x，需留意追高,3.89,1.57,0.32,54.0,5099000,50.13000000000002,49.03500000000001,48.1275,46.82000000000002,data\all_tpex\3290_2025-06-02_2026-06-02.csv,
TPEX,3317,尼克森,2026-06-09,台積電策略,主升段回測月線,4,4/5,月線仍在季線之上、月線與季線同步上揚、季線站在半年線之上、回測月線後收盤守住、紅K收在當日相對高位,0.59,16.27,19.29,78.3,4381000,79.13999999999997,81.19999999999996,77.09000000000002,60.45333333333333,data\all_tpex\3317_2025-06-02_2026-06-02.csv,
TPEX,3317,尼克森,2026-06-09,群聯策略,主升段回測月線,4,4/5,月線仍在季線之上、月線與季線同步上揚、季線站在半年線之上、回測月線後收盤守住、紅K收在當日相對高位,0.59,16.27,19.29,78.3,4381000,79.13999999999997,81.19999999999996,77.09000000000002,60.45333333333333,data\all_tpex\3317_2025-06-02_2026-06-02.csv,
TPEX,3322,建舜電,2026-06-09,台積電策略,均線糾結後帶量紅K,4,4/5,收盤仍在月線上方、紅K收在當日相對高位、量能健康放大至20日均量1.8x、均線收斂後轉強、紅K實體夠大,1.82,0.64,-4.91,15.65,2497000,14.390000000000004,13.684999999999999,13.377500000000001,13.406666666666666,data\all_tpex\3322_2025-06-02_2026-06-02.csv,
TPEX,3322,建舜電,2026-06-09,群聯策略,均線糾結後帶量紅K,4,4/5,收盤仍在月線上方、紅K收在當日相對高位、量能健康放大至20日均量1.8x、均線收斂後轉強、紅K實體夠大,1.82,0.64,-4.91,15.65,2497000,14.390000000000004,13.684999999999999,13.377500000000001,13.406666666666666,data\all_tpex\3322_2025-06-02_2026-06-02.csv,
TPEX,3357,臺慶科,2026-06-09,台積電策略,10/20MA支撐後跳空站回5/10/20MA,5,5/5,短中期均線維持多頭排列、月線與季線同步上揚、季線站在半年線之上、收盤仍在月線上方、紅K收在當日相對高位,1.85,28.7,19.69,298.0,18538000,290.2,285.0,254.39999999999995,193.575,data\all_tpex\3357_2025-06-02_2026-06-02.csv,
TPEX,3357,臺慶科,2026-06-09,群聯策略,10/20MA支撐後跳空站回5/10/20MA,5,5/5,短中期均線維持多頭排列、月線與季線同步上揚、季線站在半年線之上、收盤仍在月線上方、紅K收在當日相對高位,1.85,28.7,19.69,298.0,18538000,290.2,285.0,254.39999999999995,193.575,data\all_tpex\3357_2025-06-02_2026-06-02.csv,
TPEX,3548,兆利,2026-06-09,台積電策略,跌破月線且均線多頭,4,4/5,短中期均線維持多頭排列、季線斜率偏強、季線站在半年線之上、低點貼近月線，回測位置乾淨、量能健康放大至20日均量2.5x,2.55,-2.54,5.15,97.0,2270000,98.59999999999988,97.88999999999996,97.2,94.39500000000002,data\all_tpex\3548_2025-06-02_2026-06-02.csv,
TPEX,4534,慶騰,2026-06-09,台積電策略,均線糾結後帶量紅K,2,2/5,季線站在半年線之上、收盤仍在月線上方、紅K收在當日相對高位、量能健康放大至20日均量2.5x、紅K實體夠大,2.53,9.52,0.55,35.0,5107000,30.88999999999998,28.730000000000008,25.769999999999982,25.804999999999986,data\all_tpex\4534_2025-06-02_2026-06-02.csv,
TPEX,4534,慶騰,2026-06-09,群聯策略,均線糾結後帶量紅K,2,2/5,季線站在半年線之上、收盤仍在月線上方、紅K收在當日相對高位、量能健康放大至20日均量2.5x、紅K實體夠大,2.53,9.52,0.55,35.0,5107000,30.88999999999998,28.730000000000008,25.769999999999982,25.804999999999986,data\all_tpex\4534_2025-06-02_2026-06-02.csv,
TPEX,4707,磐亞,2026-06-09,台積電策略,10/20MA支撐後跳空站回5/10/20MA,4,4/5,短中期均線維持多頭排列、月線與季線同步上揚、季線站在半年線之上、收盤仍在月線上方、紅K收在當日相對高位,0.53,6.96,16.77,20.5,1582000,19.459999999999983,17.245000000000005,16.142499999999995,13.980833333333335,data\all_tpex\4707_2025-06-02_2026-06-02.csv,
TPEX,4707,磐亞,2026-06-09,群聯策略,10/20MA支撐後跳空站回5/10/20MA,4,4/5,短中期均線維持多頭排列、月線與季線同步上揚、季線站在半年線之上、收盤仍在月線上方、紅K收在當日相對高位,0.53,6.96,16.77,20.5,1582000,19.459999999999983,17.245000000000005,16.142499999999995,13.980833333333335,data\all_tpex\4707_2025-06-02_2026-06-02.csv,
TPEX,4721,美琪瑪,2026-06-09,台積電策略,10/20MA支撐後跳空站回5/10/20MA,5,5/5,月線仍在季線之上、月線與季線同步上揚、季線站在半年線之上、回測月線後收盤守住、紅K收在當日相對高位,1.4,1.67,11.39,94.5,2995000,90.14000000000001,90.38,90.48499999999999,83.16666666666671,data\all_tpex\4721_2025-06-02_2026-06-02.csv,
TPEX,4721,美琪瑪,2026-06-09,群聯策略,10/20MA支撐後跳空站回5/10/20MA,5,5/5,月線仍在季線之上、月線與季線同步上揚、季線站在半年線之上、回測月線後收盤守住、紅K收在當日相對高位,1.4,1.67,11.39,94.5,2995000,90.14000000000001,90.38,90.48499999999999,83.16666666666671,data\all_tpex\4721_2025-06-02_2026-06-02.csv,
TPEX,4741,泓瀚,2026-06-09,台積電策略,10/20MA支撐後跳空站回5/10/20MA,5,5/5,短中期均線維持多頭排列、月線與季線同步上揚、季線站在半年線之上、收盤仍在月線上方、紅K收在當日相對高位,1.23,6.32,36.4,76.0,1944000,65.24000000000001,63.79,62.02499999999999,49.81416666666667,data\all_tpex\4741_2025-06-02_2026-06-02.csv,
TPEX,4741,泓瀚,2026-06-09,群聯策略,10/20MA支撐後跳空站回5/10/20MA,5,5/5,短中期均線維持多頭排列、月線與季線同步上揚、季線站在半年線之上、收盤仍在月線上方、紅K收在當日相對高位,1.23,6.32,36.4,76.0,1944000,65.24000000000001,63.79,62.02499999999999,49.81416666666667,data\all_tpex\4741_2025-06-02_2026-06-02.csv,
TPEX,4931,新盛力,2026-06-09,台積電策略,10/20MA支撐後跳空站回5/10/20MA,5,5/5,短中期均線維持多頭排列、月線與季線同步上揚、季線站在半年線之上、收盤仍在月線上方、紅K收在當日相對高位,2.45,20.32,16.89,279.5,39989000,251.6,234.2,213.775,168.54166666666669,data\all_tpex\4931_2025-06-02_2026-06-02.csv,
TPEX,4931,新盛力,2026-06-09,群聯策略,10/20MA支撐後跳空站回5/10/20MA,5,5/5,短中期均線維持多頭排列、月線與季線同步上揚、季線站在半年線之上、收盤仍在月線上方、紅K收在當日相對高位,2.45,20.32,16.89,279.5,39989000,251.6,234.2,213.775,168.54166666666669,data\all_tpex\4931_2025-06-02_2026-06-02.csv,
TPEX,5289,宜鼎,2026-06-09,台積電策略,10/20MA支撐後跳空站回5/10/20MA,5,5/5,短中期均線維持多頭排列、月線與季線同步上揚、季線站在半年線之上、回測月線後收盤守住、紅K收在當日相對高位,1.25,14.17,32.39,1990.0,5651000,1867.0,1792.0,1778.5,1350.9666666666667,data\all_tpex\5289_2025-06-02_2026-06-02.csv,
TPEX,5289,宜鼎,2026-06-09,群聯策略,10/20MA支撐後跳空站回5/10/20MA,5,5/5,短中期均線維持多頭排列、月線與季線同步上揚、季線站在半年線之上、回測月線後收盤守住、紅K收在當日相對高位,1.25,14.17,32.39,1990.0,5651000,1867.0,1792.0,1778.5,1350.9666666666667,data\all_tpex\5289_2025-06-02_2026-06-02.csv,
TPEX,5328,華容,2026-06-09,台積電策略,均線糾結後帶量紅K,5,5/5,短中期均線維持多頭排列、月線與季線同步上揚、季線站在半年線之上、收盤仍在月線上方、紅K收在當日相對高位,1.53,22.95,10.07,42.75,43944000,40.46999999999997,38.47999999999999,34.232499999999995,28.554999999999986,data\all_tpex\5328_2025-06-02_2026-06-02.csv,
TPEX,5328,華容,2026-06-09,群聯策略,均線糾結後帶量紅K,5,5/5,短中期均線維持多頭排列、月線與季線同步上揚、季線站在半年線之上、收盤仍在月線上方、紅K收在當日相對高位,1.53,22.95,10.07,42.75,43944000,40.46999999999997,38.47999999999999,34.232499999999995,28.554999999999986,data\all_tpex\5328_2025-06-02_2026-06-02.csv,
TPEX,5351,鈺創,2026-06-09,台積電策略,10/20MA支撐後跳空站回5/10/20MA,5,5/5,短中期均線維持多頭排列、月線與季線同步上揚、季線站在半年線之上、回測月線後收盤守住、低點貼近月線，回測位置乾淨,0.75,9.32,14.23,88.6,26133000,88.22000000000001,85.68000000000005,83.945,74.97166666666668,data\all_tpex\5351_2025-06-02_2026-06-02.csv,
TPEX,5351,鈺創,2026-06-09,群聯策略,10/20MA支撐後跳空站回5/10/20MA,5,5/5,短中期均線維持多頭排列、月線與季線同步上揚、季線站在半年線之上、回測月線後收盤守住、低點貼近月線，回測位置乾淨,0.75,9.32,14.23,88.6,26133000,88.22000000000001,85.68000000000005,83.945,74.97166666666668,data\all_tpex\5351_2025-06-02_2026-06-02.csv,
TPEX,5353,台林,2026-06-09,台積電策略,10/20MA支撐後跳空站回5/10/20MA,5,5/5,短中期均線維持多頭排列、月線與季線同步上揚、季線站在半年線之上、收盤仍在月線上方、紅K收在當日相對高位,2.9,6.63,4.19,34.1,1063000,32.69999999999999,30.019999999999992,28.01249999999999,26.198333333333363,data\all_tpex\5353_2025-06-02_2026-06-02.csv,
TPEX,5353,台林,2026-06-09,群聯策略,10/20MA支撐後跳空站回5/10/20MA,5,5/5,短中期均線維持多頭排列、月線與季線同步上揚、季線站在半年線之上、收盤仍在月線上方、紅K收在當日相對高位,2.9,6.63,4.19,34.1,1063000,32.69999999999999,30.019999999999992,28.01249999999999,26.198333333333363,data\all_tpex\5353_2025-06-02_2026-06-02.csv,
TPEX,5425,台半,2026-06-09,台積電策略,主升段回測月線,4,4/5,月線仍在季線之上、月線與季線同步上揚、季線站在半年線之上、回測月線後收盤守住、紅K收在當日相對高位,0.74,26.02,17.51,92.7,27708000,98.91999999999992,102.22,91.61999999999999,70.64166666666662,data\all_tpex\5425_2025-06-02_2026-06-02.csv,
TPEX,5425,台半,2026-06-09,群聯策略,主升段回測月線,4,4/5,月線仍在季線之上、月線與季線同步上揚、季線站在半年線之上、回測月線後收盤守住、紅K收在當日相對高位,0.74,26.02,17.51,92.7,27708000,98.91999999999992,102.22,91.61999999999999,70.64166666666662,data\all_tpex\5425_2025-06-02_2026-06-02.csv,
TPEX,5426,振發,2026-06-09,台積電策略,均線糾結後帶量紅K,3,3/5,短中期均線維持多頭排列、收盤仍在月線上方、紅K收在當日相對高位、量能健康放大至20日均量2.8x、紅K實體夠大,2.78,15.6,1.64,36.05,7196000,28.390000000000015,23.560000000000002,20.87999999999999,19.694166666666693,data\all_tpex\5426_2025-06-02_2026-06-02.csv,
TPEX,5426,振發,2026-06-09,群聯策略,均線糾結後帶量紅K,3,3/5,短中期均線維持多頭排列、收盤仍在月線上方、紅K收在當日相對高位、量能健康放大至20日均量2.8x、紅K實體夠大,2.78,15.6,1.64,36.05,7196000,28.390000000000015,23.560000000000002,20.87999999999999,19.694166666666693,data\all_tpex\5426_2025-06-02_2026-06-02.csv,
TPEX,5493,三聯,2026-06-09,台積電策略,均線糾結後帶量紅K,5,5/5,短中期均線維持多頭排列、月線與季線同步上揚、收盤仍在月線上方、紅K收在當日相對高位、量能健康放大至20日均量2.5x,2.52,2.59,2.8,100.5,1599000,95.39999999999989,92.82000000000001,92.455,86.55833333333337,data\all_tpex\5493_2025-06-02_2026-06-02.csv,
TPEX,5493,三聯,2026-06-09,群聯策略,均線糾結後帶量紅K,5,5/5,短中期均線維持多頭排列、月線與季線同步上揚、收盤仍在月線上方、紅K收在當日相對高位、量能健康放大至20日均量2.5x,2.52,2.59,2.8,100.5,1599000,95.39999999999989,92.82000000000001,92.455,86.55833333333337,data\all_tpex\5493_2025-06-02_2026-06-02.csv,
TPEX,6026,福邦證,2026-06-09,台積電策略,主升段回測10MA,5,5/5,短中期均線維持多頭排列、月線與季線同步上揚、季線站在半年線之上、回測10MA後收盤守住、低點貼近10MA，回測位置乾淨,1.23,4.46,4.64,17.65,6000000,17.879999999999995,17.03,16.2875,15.393333333333326,data\all_tpex\6026_2025-06-02_2026-06-02.csv,
TPEX,6026,福邦證,2026-06-09,群聯策略,主升段回測10MA,5,5/5,短中期均線維持多頭排列、月線與季線同步上揚、季線站在半年線之上、回測10MA後收盤守住、低點貼近10MA，回測位置乾淨,1.23,4.46,4.64,17.65,6000000,17.879999999999995,17.03,16.2875,15.393333333333326,data\all_tpex\6026_2025-06-02_2026-06-02.csv,
TPEX,6121,新普,2026-06-09,台積電策略,10/20MA支撐後跳空站回5/10/20MA,5,5/5,短中期均線維持多頭排列、月線與季線同步上揚、季線站在半年線之上、收盤仍在月線上方、量能健康放大至20日均量1.5x,1.52,4.51,5.33,415.0,1577000,408.4,399.85,388.6,365.35833333333335,data\all_tpex\6121_2025-06-02_2026-06-02.csv,
TPEX,6121,新普,2026-06-09,群聯策略,10/20MA支撐後跳空站回5/10/20MA,5,5/5,短中期均線維持多頭排列、月線與季線同步上揚、季線站在半年線之上、收盤仍在月線上方、量能健康放大至20日均量1.5x,1.52,4.51,5.33,415.0,1577000,408.4,399.85,388.6,365.35833333333335,data\all_tpex\6121_2025-06-02_2026-06-02.csv,
TPEX,6174,安碁,2026-06-09,台積電策略,主升段回測月線,5,5/5,月線仍在季線之上、月線與季線同步上揚、季線站在半年線之上、回測月線後收盤守住、低點貼近月線，回測位置乾淨,1.3,15.95,28.56,48.95,5496000,45.699999999999996,46.305,43.675,32.219166666666666,data\all_tpex\6174_2025-06-02_2026-06-02.csv,
TPEX,6174,安碁,2026-06-09,群聯策略,主升段回測月線,5,5/5,月線仍在季線之上、月線與季線同步上揚、季線站在半年線之上、回測月線後收盤守住、低點貼近月線，回測位置乾淨,1.3,15.95,28.56,48.95,5496000,45.699999999999996,46.305,43.675,32.219166666666666,data\all_tpex\6174_2025-06-02_2026-06-02.csv,
TPEX,6175,立敦,2026-06-09,台積電策略,10/20MA支撐後跳空站回5/10/20MA,5,5/5,短中期均線維持多頭排列、月線與季線同步上揚、季線站在半年線之上、收盤仍在月線上方、K棒未轉弱,1.79,24.93,26.53,104.0,24002000,99.17999999999998,99.02000000000001,87.09000000000007,65.91833333333331,data\all_tpex\6175_2025-06-02_2026-06-02.csv,
TPEX,6175,立敦,2026-06-09,群聯策略,10/20MA支撐後跳空站回5/10/20MA,5,5/5,短中期均線維持多頭排列、月線與季線同步上揚、季線站在半年線之上、收盤仍在月線上方、K棒未轉弱,1.79,24.93,26.53,104.0,24002000,99.17999999999998,99.02000000000001,87.09000000000007,65.91833333333331,data\all_tpex\6175_2025-06-02_2026-06-02.csv,
TPEX,6227,茂綸,2026-06-09,台積電策略,10/20MA支撐後跳空站回5/10/20MA,5,5/5,短中期均線維持多頭排列、月線與季線同步上揚、季線站在半年線之上、收盤仍在月線上方、紅K收在當日相對高位,0.62,16.5,14.44,132.5,1393000,129.89999999999995,129.59999999999997,121.97499999999998,101.02166666666668,data\all_tpex\6227_2025-06-02_2026-06-02.csv,
TPEX,6227,茂綸,2026-06-09,群聯策略,10/20MA支撐後跳空站回5/10/20MA,5,5/5,短中期均線維持多頭排列、月線與季線同步上揚、季線站在半年線之上、收盤仍在月線上方、紅K收在當日相對高位,0.62,16.5,14.44,132.5,1393000,129.89999999999995,129.59999999999997,121.97499999999998,101.02166666666668,data\all_tpex\6227_2025-06-02_2026-06-02.csv,
TPEX,6284,佳邦,2026-06-09,台積電策略,主升段回測月線,5,5/5,月線仍在季線之上、月線與季線同步上揚、季線站在半年線之上、回測月線後收盤守住、紅K收在當日相對高位,2.03,20.78,7.34,105.0,13763000,108.37999999999992,112.84000000000003,100.1,87.70666666666666,data\all_tpex\6284_2025-06-02_2026-06-02.csv,
TPEX,6284,佳邦,2026-06-09,群聯策略,主升段回測月線,5,5/5,月線仍在季線之上、月線與季線同步上揚、季線站在半年線之上、回測月線後收盤守住、紅K收在當日相對高位,2.03,20.78,7.34,105.0,13763000,108.37999999999992,112.84000000000003,100.1,87.70666666666666,data\all_tpex\6284_2025-06-02_2026-06-02.csv,
TPEX,6411,晶焱,2026-06-09,台積電策略,主升段回測月線,3,3/5,月線仍在季線之上、月線與季線同步上揚、季線站在半年線之上、紅K收在當日相對高位,0.57,12.89,4.73,91.7,1832000,97.26000000000015,100.47999999999999,93.11999999999998,82.9316666666667,data\all_tpex\6411_2025-06-02_2026-06-02.csv,
TPEX,6411,晶焱,2026-06-09,群聯策略,主升段回測月線,3,3/5,月線仍在季線之上、月線與季線同步上揚、季線站在半年線之上、紅K收在當日相對高位,0.57,12.89,4.73,91.7,1832000,97.26000000000015,100.47999999999999,93.11999999999998,82.9316666666667,data\all_tpex\6411_2025-06-02_2026-06-02.csv,
TPEX,6432,今展科,2026-06-09,台積電策略,10/20MA支撐後跳空站回5/10/20MA,5,5/5,短中期均線維持多頭排列、月線與季線同步上揚、季線站在半年線之上、收盤仍在月線上方、紅K收在當日相對高位,1.02,28.09,23.33,71.7,4685000,67.66000000000008,66.05000000000001,58.625000000000014,44.47749999999998,data\all_tpex\6432_2025-06-02_2026-06-02.csv,
TPEX,6432,今展科,2026-06-09,群聯策略,10/20MA支撐後跳空站回5/10/20MA,5,5/5,短中期均線維持多頭排列、月線與季線同步上揚、季線站在半年線之上、收盤仍在月線上方、紅K收在當日相對高位,1.02,28.09,23.33,71.7,4685000,67.66000000000008,66.05000000000001,58.625000000000014,44.47749999999998,data\all_tpex\6432_2025-06-02_2026-06-02.csv,
TPEX,6488,環球晶,2026-06-09,台積電策略,主升段回測月線,3,3/5,月線仍在季線之上、月線與季線同步上揚、季線站在半年線之上、紅K收在當日相對高位,0.34,16.79,23.11,803.0,2135000,854.4,879.8,804.25,613.175,data\all_tpex\6488_2025-06-02_2026-06-02.csv,
TPEX,6488,環球晶,2026-06-09,群聯策略,主升段回測月線,3,3/5,月線仍在季線之上、月線與季線同步上揚、季線站在半年線之上、紅K收在當日相對高位,0.34,16.79,23.11,803.0,2135000,854.4,879.8,804.25,613.175,data\all_tpex\6488_2025-06-02_2026-06-02.csv,
TPEX,6642,富致,2026-06-09,台積電策略,主升段回測月線,4,4/5,月線仍在季線之上、月線與季線同步上揚、季線站在半年線之上、回測月線後收盤守住、紅K收在當日相對高位,0.74,19.58,14.13,86.3,1306000,83.85999999999999,86.17999999999998,80.385,64.52166666666669,data\all_tpex\6642_2025-06-02_2026-06-02.csv,
TPEX,6642,富致,2026-06-09,群聯策略,主升段回測月線,4,4/5,月線仍在季線之上、月線與季線同步上揚、季線站在半年線之上、回測月線後收盤守住、紅K收在當日相對高位,0.74,19.58,14.13,86.3,1306000,83.85999999999999,86.17999999999998,80.385,64.52166666666669,data\all_tpex\6642_2025-06-02_2026-06-02.csv,
TPEX,6788,華景電,2026-06-09,台積電策略,均線糾結後帶量紅K,5,5/5,短中期均線維持多頭排列、季線斜率偏強、季線站在半年線之上、收盤仍在月線上方、紅K收在當日相對高位,3.1,-1.88,9.54,471.0,3719000,433.9,428.05,427.5,411.0,data\all_tpex\6788_2025-06-02_2026-06-02.csv,
TPEX,6788,華景電,2026-06-09,群聯策略,均線糾結後帶量紅K,5,5/5,短中期均線維持多頭排列、季線斜率偏強、季線站在半年線之上、收盤仍在月線上方、紅K收在當日相對高位,3.1,-1.88,9.54,471.0,3719000,433.9,428.05,427.5,411.0,data\all_tpex\6788_2025-06-02_2026-06-02.csv,
TPEX,8042,金山電,2026-06-09,台積電策略,主升段回測月線,5,5/5,短中期均線維持多頭排列、月線與季線同步上揚、季線站在半年線之上、回測月線後收盤守住、近12日首次回測月線區,0.59,46.8,41.06,143.5,1134000,150.4,149.05,128.53499999999997,82.74166666666669,data\all_tpex\8042_2025-06-01_2026-06-01.csv,
TPEX,8042,金山電,2026-06-09,群聯策略,主升段回測月線,5,5/5,短中期均線維持多頭排列、月線與季線同步上揚、季線站在半年線之上、回測月線後收盤守住、近12日首次回測月線區,0.59,46.8,41.06,143.5,1134000,150.4,149.05,128.53499999999997,82.74166666666669,data\all_tpex\8042_2025-06-01_2026-06-01.csv,
TPEX,8050,廣積,2026-06-09,台積電策略,主升段回測月線,4,4/5,月線仍在季線之上、月線與季線同步上揚、季線站在半年線之上、回測月線後收盤守住、低點貼近月線，回測位置乾淨,0.63,16.03,9.45,58.6,1640000,57.55999999999999,57.77,53.53999999999995,45.54999999999999,data\all_tpex\8050_2025-06-01_2026-06-01.csv,
TPEX,8050,廣積,2026-06-09,群聯策略,主升段回測月線,4,4/5,月線仍在季線之上、月線與季線同步上揚、季線站在半年線之上、回測月線後收盤守住、低點貼近月線，回測位置乾淨,0.63,16.03,9.45,58.6,1640000,57.55999999999999,57.77,53.53999999999995,45.54999999999999,data\all_tpex\8050_2025-06-01_2026-06-01.csv,
TPEX,8071,能率網通,2026-06-09,台積電策略,主升段回測月線,5,5/5,短中期均線維持多頭排列、月線與季線同步上揚、回測月線後收盤守住、低點貼近月線，回測位置乾淨、紅K收在當日相對高位,0.5,13.16,5.54,21.55,1363000,21.82999999999999,21.134999999999994,19.972500000000004,17.60333333333334,data\all_tpex\8071_2025-06-01_2026-06-01.csv,
TPEX,8071,能率網通,2026-06-09,群聯策略,主升段回測月線,5,5/5,短中期均線維持多頭排列、月線與季線同步上揚、回測月線後收盤守住、低點貼近月線，回測位置乾淨、紅K收在當日相對高位,0.5,13.16,5.54,21.55,1363000,21.82999999999999,21.134999999999994,19.972500000000004,17.60333333333334,data\all_tpex\8071_2025-06-01_2026-06-01.csv,
TPEX,8088,品安,2026-06-09,台積電策略,主升段回測月線,5,5/5,短中期均線維持多頭排列、月線與季線同步上揚、季線站在半年線之上、回測月線後收盤守住、低點貼近月線，回測位置乾淨,0.32,7.89,3.32,59.6,2220000,61.15999999999993,60.79999999999999,57.61999999999999,54.51833333333331,data\all_tpex\8088_2025-06-01_2026-06-01.csv,
TPEX,8088,品安,2026-06-09,群聯策略,主升段回測月線,5,5/5,短中期均線維持多頭排列、月線與季線同步上揚、季線站在半年線之上、回測月線後收盤守住、低點貼近月線，回測位置乾淨,0.32,7.89,3.32,59.6,2220000,61.15999999999993,60.79999999999999,57.61999999999999,54.51833333333331,data\all_tpex\8088_2025-06-01_2026-06-01.csv,
TPEX,8121,越峰,2026-06-09,台積電策略,主升段回測月線,4,4/5,月線仍在季線之上、月線與季線同步上揚、季線站在半年線之上、回測月線後收盤守住、低點貼近月線，回測位置乾淨,1.14,17.12,14.04,41.8,3586000,39.77999999999999,40.53499999999998,37.71500000000002,30.094999999999988,data\all_tpex\8121_2025-06-01_2026-06-01.csv,
TPEX,8121,越峰,2026-06-09,群聯策略,主升段回測月線,4,4/5,月線仍在季線之上、月線與季線同步上揚、季線站在半年線之上、回測月線後收盤守住、低點貼近月線，回測位置乾淨,1.14,17.12,14.04,41.8,3586000,39.77999999999999,40.53499999999998,37.71500000000002,30.094999999999988,data\all_tpex\8121_2025-06-01_2026-06-01.csv,
TPEX,8182,加高,2026-06-09,台積電策略,10/20MA支撐後跳空站回5/10/20MA,5,5/5,月線仍在季線之上、月線與季線同步上揚、季線站在半年線之上、收盤仍在月線上方、紅K收在當日相對高位,2.07,10.14,15.13,50.8,7892000,45.88999999999995,45.96000000000002,41.339999999999996,35.43916666666666,data\all_tpex\8182_2025-06-01_2026-06-01.csv,
TPEX,8182,加高,2026-06-09,群聯策略,10/20MA支撐後跳空站回5/10/20MA,5,5/5,月線仍在季線之上、月線與季線同步上揚、季線站在半年線之上、收盤仍在月線上方、紅K收在當日相對高位,2.07,10.14,15.13,50.8,7892000,45.88999999999995,45.96000000000002,41.339999999999996,35.43916666666666,data\all_tpex\8182_2025-06-01_2026-06-01.csv,
TPEX,8255,朋程,2026-06-09,台積電策略,主升段回測月線,3,3/5,月線仍在季線之上、月線與季線同步上揚、季線站在半年線之上、回測月線後收盤守住、K棒未轉弱,0.71,14.15,10.13,168.0,2240000,174.5,179.9,164.55,141.35,data\all_tpex\8255_2025-06-01_2026-06-01.csv,
TPEX,8255,朋程,2026-06-09,群聯策略,主升段回測月線,3,3/5,月線仍在季線之上、月線與季線同步上揚、季線站在半年線之上、回測月線後收盤守住、K棒未轉弱,0.71,14.15,10.13,168.0,2240000,174.5,179.9,164.55,141.35,data\all_tpex\8255_2025-06-01_2026-06-01.csv,
TWSE,1319,東陽,2026-06-09,台積電策略,均線糾結後帶量紅K,4,4/5,短中期均線維持多頭排列、收盤仍在月線上方、紅K收在當日相對高位、量能健康放大至20日均量2.0x、紅K實體夠大,1.98,8.99,-5.93,105.0,10912887,96.06000000000006,90.14999999999998,85.12000000000006,81.86500000000008,data\all_twse\1319_2025-06-02_2026-06-02.csv,
TWSE,1319,東陽,2026-06-09,群聯策略,均線糾結後帶量紅K,4,4/5,短中期均線維持多頭排列、收盤仍在月線上方、紅K收在當日相對高位、量能健康放大至20日均量2.0x、紅K實體夠大,1.98,8.99,-5.93,105.0,10912887,96.06000000000006,90.14999999999998,85.12000000000006,81.86500000000008,data\all_twse\1319_2025-06-02_2026-06-02.csv,
TWSE,1449,佳和,2026-06-09,台積電策略,季線支撐後跳空站回5/10/20MA,5,5/5,短中期均線維持多頭排列、月線與季線同步上揚、季線站在半年線之上、收盤仍在季線上方、K棒未轉弱,1.64,0.79,6.2,16.35,3306677,14.53000000000001,13.430000000000017,13.152499999999995,13.091666666666669,data\all_twse\1449_2025-06-02_2026-06-02.csv,
TWSE,1449,佳和,2026-06-09,群聯策略,季線支撐後跳空站回5/10/20MA,5,5/5,短中期均線維持多頭排列、月線與季線同步上揚、季線站在半年線之上、收盤仍在季線上方、K棒未轉弱,1.64,0.79,6.2,16.35,3306677,14.53000000000001,13.430000000000017,13.152499999999995,13.091666666666669,data\all_twse\1449_2025-06-02_2026-06-02.csv,
TWSE,1618,合機,2026-06-09,台積電策略,均線糾結後帶量紅K,5,5/5,短中期均線維持多頭排列、收盤仍在月線上方、紅K收在當日相對高位、量能健康放大至20日均量2.4x、均線收斂後轉強,2.41,3.86,-3.39,44.9,3282539,42.56999999999992,42.010000000000026,40.227500000000006,39.85333333333332,data\all_twse\1618_2025-06-02_2026-06-02.csv,
TWSE,1618,合機,2026-06-09,群聯策略,均線糾結後帶量紅K,5,5/5,短中期均線維持多頭排列、收盤仍在月線上方、紅K收在當日相對高位、量能健康放大至20日均量2.4x、均線收斂後轉強,2.41,3.86,-3.39,44.9,3282539,42.56999999999992,42.010000000000026,40.227500000000006,39.85333333333332,data\all_twse\1618_2025-06-02_2026-06-02.csv,
TWSE,1708,東鹼,2026-06-09,台積電策略,季線支撐後跳空站回5/10/20MA,5,5/5,月線與季線同步上揚、季線站在半年線之上、收盤仍在季線上方、紅K收在當日相對高位、量能健康放大至20日均量2.3x,2.28,0.5,4.24,45.35,14174060,43.339999999999975,40.82000000000001,40.487500000000004,40.859166666666624,data\all_twse\1708_2025-06-02_2026-06-02.csv,
TWSE,1708,東鹼,2026-06-09,群聯策略,季線支撐後跳空站回5/10/20MA,5,5/5,月線與季線同步上揚、季線站在半年線之上、收盤仍在季線上方、紅K收在當日相對高位、量能健康放大至20日均量2.3x,2.28,0.5,4.24,45.35,14174060,43.339999999999975,40.82000000000001,40.487500000000004,40.859166666666624,data\all_twse\1708_2025-06-02_2026-06-02.csv,
TWSE,1727,中華化,2026-06-09,台積電策略,主升段回測月線,3,3/5,月線仍在季線之上、月線與季線同步上揚、季線站在半年線之上、回測月線後收盤守住,0.39,11.08,27.67,92.9,5574898,93.91999999999999,95.58000000000001,90.62,70.16999999999999,data\all_twse\1727_2025-06-02_2026-06-02.csv,
TWSE,1727,中華化,2026-06-09,群聯策略,主升段回測月線,3,3/5,月線仍在季線之上、月線與季線同步上揚、季線站在半年線之上、回測月線後收盤守住,0.39,11.08,27.67,92.9,5574898,93.91999999999999,95.58000000000001,90.62,70.16999999999999,data\all_twse\1727_2025-06-02_2026-06-02.csv,
TWSE,1904,正隆,2026-06-09,台積電策略,10/20MA支撐後跳空站回5/10/20MA,5,5/5,短中期均線維持多頭排列、月線與季線同步上揚、季線站在半年線之上、收盤仍在月線上方、K棒未轉弱,2.29,6.31,2.53,22.6,10071814,21.180000000000014,20.080000000000005,19.46999999999999,18.740833333333352,data\all_twse\1904_2025-06-02_2026-06-02.csv,
TWSE,1904,正隆,2026-06-09,群聯策略,10/20MA支撐後跳空站回5/10/20MA,5,5/5,短中期均線維持多頭排列、月線與季線同步上揚、季線站在半年線之上、收盤仍在月線上方、K棒未轉弱,2.29,6.31,2.53,22.6,10071814,21.180000000000014,20.080000000000005,19.46999999999999,18.740833333333352,data\all_twse\1904_2025-06-02_2026-06-02.csv,
TWSE,2025,千興,2026-06-09,台積電策略,均線糾結後帶量紅K,3,3/5,短中期均線維持多頭排列、季線站在半年線之上、收盤仍在月線上方、紅K收在當日相對高位、爆量至20日均量3.4x，需留意追高,3.36,6.65,1.22,15.3,3035311,13.480000000000018,12.799999999999994,12.382499999999999,11.73749999999999,data\all_twse\2025_2025-06-02_2026-06-02.csv,
TWSE,2025,千興,2026-06-09,群聯策略,均線糾結後帶量紅K,3,3/5,短中期均線維持多頭排列、季線站在半年線之上、收盤仍在月線上方、紅K收在當日相對高位、爆量至20日均量3.4x，需留意追高,3.36,6.65,1.22,15.3,3035311,13.480000000000018,12.799999999999994,12.382499999999999,11.73749999999999,data\all_twse\2025_2025-06-02_2026-06-02.csv,
TWSE,2059,川湖,2026-06-09,台積電策略,10/20MA支撐後跳空站回5/10/20MA,4,4/5,短中期均線維持多頭排列、月線與季線同步上揚、季線站在半年線之上、收盤仍在月線上方、紅K收在當日相對高位,3.31,11.94,19.48,6795.0,2110796,5777.0,5358.5,5168.5,4162.166666666667,data\all_twse\2059_2025-06-02_2026-06-02.csv,
TWSE,2059,川湖,2026-06-09,群聯策略,10/20MA支撐後跳空站回5/10/20MA,4,4/5,短中期均線維持多頭排列、月線與季線同步上揚、季線站在半年線之上、收盤仍在月線上方、紅K收在當日相對高位,3.31,11.94,19.48,6795.0,2110796,5777.0,5358.5,5168.5,4162.166666666667,data\all_twse\2059_2025-06-02_2026-06-02.csv,
TWSE,2108,南帝,2026-06-09,群聯策略,周月季線上揚首次回測月線,4,4/5,短中期均線維持多頭排列、月線與季線同步上揚、季線站在半年線之上、收盤仍在季線上方、量能健康放大至20日均量1.2x,1.23,1.96,3.88,29.2,2861639,29.099999999999973,28.130000000000006,27.947499999999998,26.78499999999999,data\all_twse\2108_2025-06-02_2026-06-02.csv,
TWSE,2303,聯電,2026-06-09,台積電策略,主升段回測月線,4,4/5,月線仍在季線之上、月線與季線同步上揚、季線站在半年線之上、回測月線後收盤守住、紅K收在當日相對高位,1.19,28.25,30.03,127.5,374359529,133.5,135.29999999999998,121.545,85.19166666666668,data\all_twse\2303_2025-06-02_2026-06-02.csv,
TWSE,2303,聯電,2026-06-09,群聯策略,主升段回測月線,4,4/5,月線仍在季線之上、月線與季線同步上揚、季線站在半年線之上、回測月線後收盤守住、紅K收在當日相對高位,1.19,28.25,30.03,127.5,374359529,133.5,135.29999999999998,121.545,85.19166666666668,data\all_twse\2303_2025-06-02_2026-06-02.csv,
TWSE,2312,金寶,2026-06-09,台積電策略,主升段回測月線,5,5/5,短中期均線維持多頭排列、月線與季線同步上揚、季線站在半年線之上、回測月線後收盤守住、低點貼近月線，回測位置乾淨,0.95,18.16,12.57,37.2,79212567,38.75999999999999,38.42,33.822500000000005,27.74000000000001,data\all_twse\2312_2025-06-02_2026-06-02.csv,
TWSE,2312,金寶,2026-06-09,群聯策略,主升段回測月線,5,5/5,短中期均線維持多頭排列、月線與季線同步上揚、季線站在半年線之上、回測月線後收盤守住、低點貼近月線，回測位置乾淨,0.95,18.16,12.57,37.2,79212567,38.75999999999999,38.42,33.822500000000005,27.74000000000001,data\all_twse\2312_2025-06-02_2026-06-02.csv,
TWSE,2313,華通,2026-06-09,台積電策略,季線支撐後跳空站回5/10/20MA,5,5/5,月線仍在季線之上、月線與季線同步上揚、季線站在半年線之上、回測季線後收盤守住、低點貼近季線，回測位置乾淨,0.88,5.78,10.08,276.0,72882082,267.9,274.8,263.69999999999993,251.70833333333337,data\all_twse\2313_2025-06-02_2026-06-02.csv,
TWSE,2313,華通,2026-06-09,群聯策略,季線支撐後跳空站回5/10/20MA,5,5/5,月線仍在季線之上、月線與季線同步上揚、季線站在半年線之上、回測季線後收盤守住、低點貼近季線，回測位置乾淨,0.88,5.78,10.08,276.0,72882082,267.9,274.8,263.69999999999993,251.70833333333337,data\all_twse\2313_2025-06-02_2026-06-02.csv,
TWSE,2317,鴻海,2026-06-09,台積電策略,主升段回測月線,4,4/5,短中期均線維持多頭排列、月線與季線同步上揚、季線站在半年線之上、收盤仍在月線上方、紅K收在當日相對高位,0.76,8.73,5.94,277.5,74649081,285.3,276.25,261.975,228.75,data\all_twse\2317_2025-06-02_2026-06-02.csv,
TWSE,2317,鴻海,2026-06-09,群聯策略,主升段回測月線,4,4/5,短中期均線維持多頭排列、月線與季線同步上揚、季線站在半年線之上、收盤仍在月線上方、紅K收在當日相對高位,0.76,8.73,5.94,277.5,74649081,285.3,276.25,261.975,228.75,data\all_twse\2317_2025-06-02_2026-06-02.csv,
TWSE,2327,國巨*,2026-06-09,台積電策略,10/20MA支撐後跳空站回5/10/20MA,4,4/5,短中期均線維持多頭排列、月線與季線同步上揚、季線站在半年線之上、收盤仍在月線上方、紅K收在當日相對高位,1.04,50.56,40.91,826.0,52270522,796.4,751.5,619.125,401.60833333333335,data\all_twse\2327_2025-06-02_2026-06-02.csv,
TWSE,2327,國巨*,2026-06-09,群聯策略,10/20MA支撐後跳空站回5/10/20MA,4,4/5,短中期均線維持多頭排列、月線與季線同步上揚、季線站在半年線之上、收盤仍在月線上方、紅K收在當日相對高位,1.04,50.56,40.91,826.0,52270522,796.4,751.5,619.125,401.60833333333335,data\all_twse\2327_2025-06-02_2026-06-02.csv,
TWSE,2347,聯強,2026-06-09,台積電策略,10/20MA支撐後跳空站回5/10/20MA,5,5/5,短中期均線維持多頭排列、月線與季線同步上揚、季線站在半年線之上、回測月線後收盤守住、低點貼近月線，回測位置乾淨,2.33,2.6,7.47,91.0,16484825,88.51999999999995,86.86999999999999,85.26500000000001,81.72333333333327,data\all_twse\2347_2025-06-02_2026-06-02.csv,
TWSE,2347,聯強,2026-06-09,群聯策略,10/20MA支撐後跳空站回5/10/20MA,5,5/5,短中期均線維持多頭排列、月線與季線同步上揚、季線站在半年線之上、回測月線後收盤守住、低點貼近月線，回測位置乾淨,2.33,2.6,7.47,91.0,16484825,88.51999999999995,86.86999999999999,85.26500000000001,81.72333333333327,data\all_twse\2347_2025-06-02_2026-06-02.csv,
TWSE,2356,英業達,2026-06-09,台積電策略,主升段回測10MA,5,5/5,短中期均線維持多頭排列、月線與季線同步上揚、季線站在半年線之上、回測10MA後收盤守住、紅K收在當日相對高位,0.9,22.27,13.11,70.6,95519340,74.87999999999991,69.85000000000001,61.21000000000002,50.10833333333331,data\all_twse\2356_2025-06-02_2026-06-02.csv,
TWSE,2356,英業達,2026-06-09,群聯策略,主升段回測10MA,5,5/5,短中期均線維持多頭排列、月線與季線同步上揚、季線站在半年線之上、回測10MA後收盤守住、紅K收在當日相對高位,0.9,22.27,13.11,70.6,95519340,74.87999999999991,69.85000000000001,61.21000000000002,50.10833333333331,data\all_twse\2356_2025-06-02_2026-06-02.csv,
TWSE,2368,金像電,2026-06-09,台積電策略,10/20MA支撐後跳空站回5/10/20MA,5,5/5,月線仍在季線之上、季線斜率偏強、季線站在半年線之上、回測月線後收盤守住、低點貼近月線，回測位置乾淨,1.85,-1.66,18.7,1495.0,12023156,1354.0,1364.0,1344.25,1190.8833333333334,data\all_twse\2368_2025-06-02_2026-06-02.csv,
TWSE,2368,金像電,2026-06-09,群聯策略,10/20MA支撐後跳空站回5/10/20MA,5,5/5,月線仍在季線之上、季線斜率偏強、季線站在半年線之上、回測月線後收盤守住、低點貼近月線，回測位置乾淨,1.85,-1.66,18.7,1495.0,12023156,1354.0,1364.0,1344.25,1190.8833333333334,data\all_twse\2368_2025-06-02_2026-06-02.csv,
TWSE,2376,技嘉,2026-06-09,台積電策略,主升段回測月線,5,5/5,短中期均線維持多頭排列、月線與季線同步上揚、季線站在半年線之上、回測月線後收盤守住、紅K收在當日相對高位,0.63,11.34,14.9,359.0,12395319,370.1,356.3,337.6,285.1333333333333,data\all_twse\2376_2025-06-02_2026-06-02.csv,
TWSE,2376,技嘉,2026-06-09,群聯策略,主升段回測月線,5,5/5,短中期均線維持多頭排列、月線與季線同步上揚、季線站在半年線之上、回測月線後收盤守住、紅K收在當日相對高位,0.63,11.34,14.9,359.0,12395319,370.1,356.3,337.6,285.1333333333333,data\all_twse\2376_2025-06-02_2026-06-02.csv,
TWSE,2404,漢唐,2026-06-09,台積電策略,主升段回測月線,4,4/5,月線仍在季線之上、月線與季線同步上揚、季線站在半年線之上、回測月線後收盤守住、紅K收在當日相對高位,0.84,10.41,4.4,1190.0,4413118,1166.0,1189.0,1114.9,1002.1333333333333,data\all_twse\2404_2025-06-02_2026-06-02.csv,
TWSE,2404,漢唐,2026-06-09,群聯策略,主升段回測月線,4,4/5,月線仍在季線之上、月線與季線同步上揚、季線站在半年線之上、回測月線後收盤守住、紅K收在當日相對高位,0.84,10.41,4.4,1190.0,4413118,1166.0,1189.0,1114.9,1002.1333333333333,data\all_twse\2404_2025-06-02_2026-06-02.csv,
TWSE,2406,國碩,2026-06-09,台積電策略,季線支撐後跳空站回5/10/20MA,5,5/5,短中期均線維持多頭排列、月線與季線同步上揚、季線站在半年線之上、回測季線後收盤守住、紅K收在當日相對高位,1.41,4.68,2.56,35.0,20044750,34.669999999999945,34.449999999999996,33.309999999999974,33.28166666666668,data\all_twse\2406_2025-06-02_2026-06-02.csv,
TWSE,2406,國碩,2026-06-09,群聯策略,季線支撐後跳空站回5/10/20MA,5,5/5,短中期均線維持多頭排列、月線與季線同步上揚、季線站在半年線之上、回測季線後收盤守住、紅K收在當日相對高位,1.41,4.68,2.56,35.0,20044750,34.669999999999945,34.449999999999996,33.309999999999974,33.28166666666668,data\all_twse\2406_2025-06-02_2026-06-02.csv,
TWSE,2414,精技,2026-06-09,台積電策略,均線糾結後帶量紅K,4,4/5,短中期均線維持多頭排列、月線與季線同步上揚、季線站在半年線之上、收盤仍在月線上方、紅K收在當日相對高位,3.58,5.42,6.71,56.9,1526004,52.95999999999991,51.769999999999996,50.257499999999986,46.55916666666669,data\all_twse\2414_2025-06-01_2026-06-01.csv,
TWSE,2414,精技,2026-06-09,群聯策略,均線糾結後帶量紅K,4,4/5,短中期均線維持多頭排列、月線與季線同步上揚、季線站在半年線之上、收盤仍在月線上方、紅K收在當日相對高位,3.58,5.42,6.71,56.9,1526004,52.95999999999991,51.769999999999996,50.257499999999986,46.55916666666669,data\all_twse\2414_2025-06-01_2026-06-01.csv,
TWSE,2428,興勤,2026-06-09,台積電策略,10/20MA支撐後跳空站回5/10/20MA,5,5/5,短中期均線維持多頭排列、月線與季線同步上揚、季線站在半年線之上、收盤仍在月線上方、紅K收在當日相對高位,1.28,23.99,13.87,289.0,3729811,280.8,275.35,244.5,194.175,data\all_twse\2428_2025-06-02_2026-06-02.csv,
TWSE,2428,興勤,2026-06-09,群聯策略,10/20MA支撐後跳空站回5/10/20MA,5,5/5,短中期均線維持多頭排列、月線與季線同步上揚、季線站在半年線之上、收盤仍在月線上方、紅K收在當日相對高位,1.28,23.99,13.87,289.0,3729811,280.8,275.35,244.5,194.175,data\all_twse\2428_2025-06-02_2026-06-02.csv,
TWSE,2454,聯發科,2026-06-09,台積電策略,10/20MA支撐後跳空站回5/10/20MA,5,5/5,短中期均線維持多頭排列、月線與季線同步上揚、季線站在半年線之上、收盤仍在月線上方、紅K收在當日相對高位,1.27,22.8,36.82,4475.0,16487210,4385.0,4379.5,3936.5,2655.75,data\all_twse\2454_2025-06-01_2026-06-01.csv,
TWSE,2454,聯發科,2026-06-09,群聯策略,10/20MA支撐後跳空站回5/10/20MA,5,5/5,短中期均線維持多頭排列、月線與季線同步上揚、季線站在半年線之上、收盤仍在月線上方、紅K收在當日相對高位,1.27,22.8,36.82,4475.0,16487210,4385.0,4379.5,3936.5,2655.75,data\all_twse\2454_2025-06-01_2026-06-01.csv,
TWSE,2457,飛宏,2026-06-09,台積電策略,均線糾結後帶量紅K,4,4/5,短中期均線維持多頭排列、收盤仍在月線上方、紅K收在當日相對高位、量能健康放大至20日均量2.3x、紅K實體夠大,2.28,5.45,-3.79,31.05,12422049,28.55999999999999,27.194999999999993,26.039999999999985,25.660833333333347,data\all_twse\2457_2025-06-01_2026-06-01.csv,
TWSE,2457,飛宏,2026-06-09,群聯策略,均線糾結後帶量紅K,4,4/5,短中期均線維持多頭排列、收盤仍在月線上方、紅K收在當日相對高位、量能健康放大至20日均量2.3x、紅K實體夠大,2.28,5.45,-3.79,31.05,12422049,28.55999999999999,27.194999999999993,26.039999999999985,25.660833333333347,data\all_twse\2457_2025-06-01_2026-06-01.csv,
TWSE,2464,盟立,2026-06-09,台積電策略,主升段回測月線,3,3/5,月線仍在季線之上、月線與季線同步上揚、季線站在半年線之上、回測月線後收盤守住、K棒未轉弱,0.86,25.87,33.34,150.0,19681014,169.5,170.84999999999997,148.95,105.02666666666666,data\all_twse\2464_2025-06-01_2026-06-01.csv,
TWSE,2464,盟立,2026-06-09,群聯策略,主升段回測月線,3,3/5,月線仍在季線之上、月線與季線同步上揚、季線站在半年線之上、回測月線後收盤守住、K棒未轉弱,0.86,25.87,33.34,150.0,19681014,169.5,170.84999999999997,148.95,105.02666666666666,data\all_twse\2464_2025-06-01_2026-06-01.csv,
TWSE,2476,鉅祥,2026-06-09,台積電策略,10/20MA支撐後跳空站回5/10/20MA,5,5/5,月線仍在季線之上、月線與季線同步上揚、季線站在半年線之上、回測月線後收盤守住、低點貼近月線，回測位置乾淨,1.1,2.94,14.05,125.5,6499279,120.9,123.29999999999998,120.6,106.54999999999997,data\all_twse\2476_2025-06-01_2026-06-01.csv,
TWSE,2476,鉅祥,2026-06-09,群聯策略,10/20MA支撐後跳空站回5/10/20MA,5,5/5,月線仍在季線之上、月線與季線同步上揚、季線站在半年線之上、回測月線後收盤守住、低點貼近月線，回測位置乾淨,1.1,2.94,14.05,125.5,6499279,120.9,123.29999999999998,120.6,106.54999999999997,data\all_twse\2476_2025-06-01_2026-06-01.csv,
TWSE,2484,希華,2026-06-09,台積電策略,10/20MA支撐後跳空站回5/10/20MA,5,5/5,短中期均線維持多頭排列、月線與季線同步上揚、季線站在半年線之上、收盤仍在月線上方、紅K收在當日相對高位,2.49,16.71,20.69,60.8,60913824,54.79999999999999,54.63000000000001,47.90249999999999,39.10666666666666,data\all_twse\2484_2025-06-01_2026-06-01.csv,
TWSE,2484,希華,2026-06-09,群聯策略,10/20MA支撐後跳空站回5/10/20MA,5,5/5,短中期均線維持多頭排列、月線與季線同步上揚、季線站在半年線之上、收盤仍在月線上方、紅K收在當日相對高位,2.49,16.71,20.69,60.8,60913824,54.79999999999999,54.63000000000001,47.90249999999999,39.10666666666666,data\all_twse\2484_2025-06-01_2026-06-01.csv,
TWSE,2505,國揚,2026-06-09,台積電策略,均線糾結後帶量紅K,4,4/5,回測月線後收盤守住、低點貼近月線，回測位置乾淨、紅K收在當日相對高位、爆量至20日均量4.3x，需留意追高、均線收斂後轉強,4.27,-0.64,-1.65,19.45,2341495,18.020000000000003,17.799999999999994,17.82999999999999,18.51000000000001,data\all_twse\2505_2025-06-01_2026-06-01.csv,
TWSE,2505,國揚,2026-06-09,群聯策略,均線糾結後帶量紅K,4,4/5,回測月線後收盤守住、低點貼近月線，回測位置乾淨、紅K收在當日相對高位、爆量至20日均量4.3x，需留意追高、均線收斂後轉強,4.27,-0.64,-1.65,19.45,2341495,18.020000000000003,17.799999999999994,17.82999999999999,18.51000000000001,data\all_twse\2505_2025-06-01_2026-06-01.csv,
TWSE,2597,潤弘,2026-06-09,台積電策略,均線糾結後帶量紅K,4,4/5,短中期均線維持多頭排列、收盤仍在月線上方、紅K收在當日相對高位、量能健康放大至20日均量2.5x,2.45,4.97,-0.75,191.0,3285796,180.0,169.9,165.725,158.85,data\all_twse\2597_2025-06-01_2026-06-01.csv,
TWSE,2597,潤弘,2026-06-09,群聯策略,均線糾結後帶量紅K,4,4/5,短中期均線維持多頭排列、收盤仍在月線上方、紅K收在當日相對高位、量能健康放大至20日均量2.5x,2.45,4.97,-0.75,191.0,3285796,180.0,169.9,165.725,158.85,data\all_twse\2597_2025-06-01_2026-06-01.csv,
TWSE,2801,彰銀,2026-06-09,台積電策略,均線糾結後帶量紅K,3,3/5,季線站在半年線之上、收盤仍在月線上方、紅K收在當日相對高位、爆量至20日均量3.1x，需留意追高、均線收斂後轉強,3.08,-0.84,-0.41,22.3,92513795,21.160000000000046,20.66,20.544999999999998,20.784166666666668,data\all_twse\2801_2025-06-01_2026-06-01.csv,
TWSE,2801,彰銀,2026-06-09,群聯策略,均線糾結後帶量紅K,3,3/5,季線站在半年線之上、收盤仍在月線上方、紅K收在當日相對高位、爆量至20日均量3.1x，需留意追高、均線收斂後轉強,3.08,-0.84,-0.41,22.3,92513795,21.160000000000046,20.66,20.544999999999998,20.784166666666668,data\all_twse\2801_2025-06-01_2026-06-01.csv,
TWSE,2834,臺企銀,2026-06-09,台積電策略,均線糾結後帶量紅K,5,5/5,短中期均線維持多頭排列、回測月線後收盤守住、紅K收在當日相對高位、量能健康放大至20日均量2.1x、均線收斂後轉強,2.14,0.2,1.21,17.1,74230836,16.590000000000003,16.314999999999994,16.165,15.804999999999996,data\all_twse\2834_2025-06-01_2026-06-01.csv,
TWSE,2834,臺企銀,2026-06-09,群聯策略,均線糾結後帶量紅K,5,5/5,短中期均線維持多頭排列、回測月線後收盤守住、紅K收在當日相對高位、量能健康放大至20日均量2.1x、均線收斂後轉強,2.14,0.2,1.21,17.1,74230836,16.590000000000003,16.314999999999994,16.165,15.804999999999996,data\all_twse\2834_2025-06-01_2026-06-01.csv,
TWSE,2836,高雄銀,2026-06-09,台積電策略,均線糾結後帶量紅K,4,4/5,回測月線後收盤守住、低點貼近月線，回測位置乾淨、紅K收在當日相對高位、爆量至20日均量5.7x，需留意追高、均線收斂後轉強,5.73,0.0,-1.38,12.35,10637400,11.980000000000008,11.875000000000009,11.85,12.001666666666667,data\all_twse\2836_2025-06-01_2026-06-01.csv,
TWSE,2836,高雄銀,2026-06-09,群聯策略,均線糾結後帶量紅K,4,4/5,回測月線後收盤守住、低點貼近月線，回測位置乾淨、紅K收在當日相對高位、爆量至20日均量5.7x，需留意追高、均線收斂後轉強,5.73,0.0,-1.38,12.35,10637400,11.980000000000008,11.875000000000009,11.85,12.001666666666667,data\all_twse\2836_2025-06-01_2026-06-01.csv,
TWSE,2838,聯邦銀,2026-06-09,台積電策略,均線糾結後帶量紅K,5,5/5,季線站在半年線之上、回測月線後收盤守住、低點貼近月線，回測位置乾淨、紅K收在當日相對高位、量能健康放大至20日均量2.1x,2.12,0.96,1.73,21.8,3947529,21.04000000000001,20.669999999999998,20.48,20.480000000000004,data\all_twse\2838_2025-06-01_2026-06-01.csv,
TWSE,2838,聯邦銀,2026-06-09,群聯策略,均線糾結後帶量紅K,5,5/5,季線站在半年線之上、回測月線後收盤守住、低點貼近月線，回測位置乾淨、紅K收在當日相對高位、量能健康放大至20日均量2.1x,2.12,0.96,1.73,21.8,3947529,21.04000000000001,20.669999999999998,20.48,20.480000000000004,data\all_twse\2838_2025-06-01_2026-06-01.csv,
TWSE,2845,遠東銀,2026-06-09,台積電策略,均線糾結後帶量紅K,5,5/5,回測月線後收盤守住、低點貼近月線，回測位置乾淨、紅K收在當日相對高位、量能健康放大至20日均量3.0x、均線收斂後轉強,2.97,-0.51,-1.12,12.8,39382693,12.330000000000005,12.134999999999994,12.097499999999997,12.325000000000005,data\all_twse\2845_2025-06-01_2026-06-01.csv,
TWSE,2845,遠東銀,2026-06-09,群聯策略,均線糾結後帶量紅K,5,5/5,回測月線後收盤守住、低點貼近月線，回測位置乾淨、紅K收在當日相對高位、量能健康放大至20日均量3.0x、均線收斂後轉強,2.97,-0.51,-1.12,12.8,39382693,12.330000000000005,12.134999999999994,12.097499999999997,12.325000000000005,data\all_twse\2845_2025-06-01_2026-06-01.csv,
TWSE,2883,凱基金,2026-06-09,台積電策略,均線糾結後帶量紅K,4,4/5,短中期均線維持多頭排列、月線與季線同步上揚、季線站在半年線之上、收盤仍在月線上方、紅K收在當日相對高位,2.55,5.43,5.27,29.05,274987983,25.889999999999993,23.96,22.880000000000003,21.421666666666674,data\all_twse\2883_2025-06-01_2026-06-01.csv,
TWSE,2883,凱基金,2026-06-09,群聯策略,均線糾結後帶量紅K,4,4/5,短中期均線維持多頭排列、月線與季線同步上揚、季線站在半年線之上、收盤仍在月線上方、紅K收在當日相對高位,2.55,5.43,5.27,29.05,274987983,25.889999999999993,23.96,22.880000000000003,21.421666666666674,data\all_twse\2883_2025-06-01_2026-06-01.csv,
TWSE,2884,玉山金,2026-06-09,台積電策略,均線糾結後帶量紅K,4,4/5,收盤仍在月線上方、紅K收在當日相對高位、量能健康放大至20日均量1.8x、均線收斂後轉強,1.75,-0.34,-2.24,34.2,88605638,32.81999999999999,31.89499999999999,31.850000000000016,32.161666666666676,data\all_twse\2884_2025-06-01_2026-06-01.csv,
TWSE,2884,玉山金,2026-06-09,群聯策略,均線糾結後帶量紅K,4,4/5,收盤仍在月線上方、紅K收在當日相對高位、量能健康放大至20日均量1.8x、均線收斂後轉強,1.75,-0.34,-2.24,34.2,88605638,32.81999999999999,31.89499999999999,31.850000000000016,32.161666666666676,data\all_twse\2884_2025-06-01_2026-06-01.csv,
TWSE,2886,兆豐金,2026-06-09,台積電策略,均線糾結後帶量紅K,5,5/5,短中期均線維持多頭排列、回測月線後收盤守住、紅K收在當日相對高位、量能健康放大至20日均量1.6x、均線收斂後轉強,1.55,1.49,0.51,43.55,59201818,41.97000000000007,40.79999999999999,40.30749999999999,39.647500000000015,data\all_twse\2886_2025-06-01_2026-06-01.csv,
TWSE,2886,兆豐金,2026-06-09,群聯策略,均線糾結後帶量紅K,5,5/5,短中期均線維持多頭排列、回測月線後收盤守住、紅K收在當日相對高位、量能健康放大至20日均量1.6x、均線收斂後轉強,1.55,1.49,0.51,43.55,59201818,41.97000000000007,40.79999999999999,40.30749999999999,39.647500000000015,data\all_twse\2886_2025-06-01_2026-06-01.csv,
TWSE,2887,台新新光金,2026-06-09,台積電策略,季線支撐後跳空站回5/10/20MA,4,4/5,短中期均線維持多頭排列、季線站在半年線之上、收盤仍在季線上方、紅K收在當日相對高位、量能接近20日均量1.0x,0.99,3.0,0.46,29.55,137888947,27.32000000000001,25.314999999999998,24.412500000000016,24.28416666666667,data\all_twse\2887_2025-06-01_2026-06-01.csv,
TWSE,2887,台新新光金,2026-06-09,群聯策略,季線支撐後跳空站回5/10/20MA,4,4/5,短中期均線維持多頭排列、季線站在半年線之上、收盤仍在季線上方、紅K收在當日相對高位、量能接近20日均量1.0x,0.99,3.0,0.46,29.55,137888947,27.32000000000001,25.314999999999998,24.412500000000016,24.28416666666667,data\all_twse\2887_2025-06-01_2026-06-01.csv,
TWSE,2890,永豐金,2026-06-09,台積電策略,均線糾結後帶量紅K,4,4/5,季線站在半年線之上、收盤仍在月線上方、紅K收在當日相對高位、量能健康放大至20日均量1.9x、均線收斂後轉強,1.91,-0.75,-0.58,34.25,80605349,32.05999999999999,30.795000000000005,30.452500000000008,31.35916666666668,data\all_twse\2890_2025-06-01_2026-06-01.csv,
TWSE,2890,永豐金,2026-06-09,群聯策略,均線糾結後帶量紅K,4,4/5,季線站在半年線之上、收盤仍在月線上方、紅K收在當日相對高位、量能健康放大至20日均量1.9x、均線收斂後轉強,1.91,-0.75,-0.58,34.25,80605349,32.05999999999999,30.795000000000005,30.452500000000008,31.35916666666668,data\all_twse\2890_2025-06-01_2026-06-01.csv,
TWSE,2892,第一金,2026-06-09,台積電策略,均線糾結後帶量紅K,4,4/5,收盤仍在月線上方、紅K收在當日相對高位、量能健康放大至20日均量1.7x、均線收斂後轉強、紅K實體夠大,1.65,-0.71,-0.87,30.5,99331453,28.96,28.24000000000001,28.519999999999992,28.612499999999994,data\all_twse\2892_2025-06-01_2026-06-01.csv,
TWSE,2892,第一金,2026-06-09,群聯策略,均線糾結後帶量紅K,4,4/5,收盤仍在月線上方、紅K收在當日相對高位、量能健康放大至20日均量1.7x、均線收斂後轉強、紅K實體夠大,1.65,-0.71,-0.87,30.5,99331453,28.96,28.24000000000001,28.519999999999992,28.612499999999994,data\all_twse\2892_2025-06-01_2026-06-01.csv,
TWSE,2897,王道銀行,2026-06-09,台積電策略,均線糾結後帶量紅K,5,5/5,月線仍在季線之上、季線站在半年線之上、回測月線後收盤守住、低點貼近月線，回測位置乾淨、紅K收在當日相對高位,2.95,-0.19,1.79,10.5,14331929,10.168000000000006,10.061000000000002,10.070500000000006,10.070166666666658,data\all_twse\2897_2025-06-01_2026-06-01.csv,
TWSE,2897,王道銀行,2026-06-09,群聯策略,均線糾結後帶量紅K,5,5/5,月線仍在季線之上、季線站在半年線之上、回測月線後收盤守住、低點貼近月線，回測位置乾淨、紅K收在當日相對高位,2.95,-0.19,1.79,10.5,14331929,10.168000000000006,10.061000000000002,10.070500000000006,10.070166666666658,data\all_twse\2897_2025-06-01_2026-06-01.csv,
TWSE,2905,三商,2026-06-09,台積電策略,均線糾結後帶量紅K,5,5/5,回測月線後收盤守住、紅K收在當日相對高位、量能健康放大至20日均量1.6x、均線收斂後轉強、紅K實體夠大,1.59,0.56,-4.64,14.45,1046637,14.050000000000002,13.810000000000002,13.567499999999999,14.088333333333342,data\all_twse\2905_2025-06-01_2026-06-01.csv,
TWSE,2905,三商,2026-06-09,群聯策略,均線糾結後帶量紅K,5,5/5,回測月線後收盤守住、紅K收在當日相對高位、量能健康放大至20日均量1.6x、均線收斂後轉強、紅K實體夠大,1.59,0.56,-4.64,14.45,1046637,14.050000000000002,13.810000000000002,13.567499999999999,14.088333333333342,data\all_twse\2905_2025-06-01_2026-06-01.csv,
TWSE,3008,大立光,2026-06-09,台積電策略,10/20MA支撐後跳空站回5/10/20MA,5,5/5,短中期均線維持多頭排列、月線與季線同步上揚、季線站在半年線之上、收盤仍在月線上方、紅K收在當日相對高位,0.95,19.45,14.6,3885.0,2232485,3757.0,3674.0,3418.25,2758.0833333333335,data\all_twse\3008_2025-06-01_2026-06-01.csv,
TWSE,3008,大立光,2026-06-09,群聯策略,10/20MA支撐後跳空站回5/10/20MA,5,5/5,短中期均線維持多頭排列、月線與季線同步上揚、季線站在半年線之上、收盤仍在月線上方、紅K收在當日相對高位,0.95,19.45,14.6,3885.0,2232485,3757.0,3674.0,3418.25,2758.0833333333335,data\all_twse\3008_2025-06-01_2026-06-01.csv,
TWSE,3022,威強電,2026-06-09,台積電策略,均線糾結後帶量紅K,4,4/5,短中期均線維持多頭排列、月線與季線同步上揚、季線站在半年線之上、收盤仍在月線上方、紅K收在當日相對高位,5.95,3.84,6.04,86.9,10943280,79.37999999999997,76.71999999999997,72.69500000000001,68.485,data\all_twse\3022_2025-06-01_2026-06-01.csv,
TWSE,3022,威強電,2026-06-09,群聯策略,均線糾結後帶量紅K,4,4/5,短中期均線維持多頭排列、月線與季線同步上揚、季線站在半年線之上、收盤仍在月線上方、紅K收在當日相對高位,5.95,3.84,6.04,86.9,10943280,79.37999999999997,76.71999999999997,72.69500000000001,68.485,data\all_twse\3022_2025-06-01_2026-06-01.csv,
TWSE,3026,禾伸堂,2026-06-09,台積電策略,10/20MA支撐後跳空站回5/10/20MA,4,4/5,短中期均線維持多頭排列、月線與季線同步上揚、季線站在半年線之上、收盤仍在月線上方、紅K收在當日相對高位,0.51,59.16,80.11,661.0,1905446,641.9999999999999,615.7,492.75,288.0416666666667,data\all_twse\3026_2025-06-01_2026-06-01.csv,
TWSE,3026,禾伸堂,2026-06-09,群聯策略,10/20MA支撐後跳空站回5/10/20MA,4,4/5,短中期均線維持多頭排列、月線與季線同步上揚、季線站在半年線之上、收盤仍在月線上方、紅K收在當日相對高位,0.51,59.16,80.11,661.0,1905446,641.9999999999999,615.7,492.75,288.0416666666667,data\all_twse\3026_2025-06-01_2026-06-01.csv,
TWSE,3033,威健,2026-06-09,台積電策略,10/20MA支撐後跳空站回5/10/20MA,4,4/5,月線仍在季線之上、月線與季線同步上揚、季線站在半年線之上、回測月線後收盤守住、低點貼近月線，回測位置乾淨,0.84,15.43,18.61,51.0,18598217,49.85000000000001,49.985,49.042500000000004,38.184999999999995,data\all_twse\3033_2025-06-01_2026-06-01.csv,
TWSE,3033,威健,2026-06-09,群聯策略,10/20MA支撐後跳空站回5/10/20MA,4,4/5,月線仍在季線之上、月線與季線同步上揚、季線站在半年線之上、回測月線後收盤守住、低點貼近月線，回測位置乾淨,0.84,15.43,18.61,51.0,18598217,49.85000000000001,49.985,49.042500000000004,38.184999999999995,data\all_twse\3033_2025-06-01_2026-06-01.csv,
TWSE,3167,大量,2026-06-09,台積電策略,10/20MA支撐後跳空站回5/10/20MA,5,5/5,短中期均線維持多頭排列、月線與季線同步上揚、季線站在半年線之上、收盤仍在月線上方、紅K收在當日相對高位,1.44,5.64,39.92,951.0,3705458,878.4,851.2,805.85,635.3583333333333,data\all_twse\3167_2025-06-01_2026-06-01.csv,
TWSE,3167,大量,2026-06-09,群聯策略,10/20MA支撐後跳空站回5/10/20MA,5,5/5,短中期均線維持多頭排列、月線與季線同步上揚、季線站在半年線之上、收盤仍在月線上方、紅K收在當日相對高位,1.44,5.64,39.92,951.0,3705458,878.4,851.2,805.85,635.3583333333333,data\all_twse\3167_2025-06-01_2026-06-01.csv,
TWSE,3406,玉晶光,2026-06-09,台積電策略,10/20MA支撐後跳空站回5/10/20MA,5,5/5,短中期均線維持多頭排列、月線與季線同步上揚、季線站在半年線之上、收盤仍在月線上方、紅K收在當日相對高位,1.28,9.91,10.94,719.0,3868757,650.6,619.2,586.3,513.7416666666667,data\all_twse\3406_2025-06-01_2026-06-01.csv,
TWSE,3406,玉晶光,2026-06-09,群聯策略,10/20MA支撐後跳空站回5/10/20MA,5,5/5,短中期均線維持多頭排列、月線與季線同步上揚、季線站在半年線之上、收盤仍在月線上方、紅K收在當日相對高位,1.28,9.91,10.94,719.0,3868757,650.6,619.2,586.3,513.7416666666667,data\all_twse\3406_2025-06-01_2026-06-01.csv,
TWSE,3450,聯鈞,2026-06-09,台積電策略,主升段回測月線,4,4/5,短中期均線維持多頭排列、月線與季線同步上揚、季線站在半年線之上、收盤仍在月線上方、紅K收在當日相對高位,0.65,22.31,22.44,507.0,6660717,511.2,505.95,466.6,358.80833333333334,data\all_twse\3450_2025-06-01_2026-06-01.csv,
TWSE,3450,聯鈞,2026-06-09,群聯策略,主升段回測月線,4,4/5,短中期均線維持多頭排列、月線與季線同步上揚、季線站在半年線之上、收盤仍在月線上方、紅K收在當日相對高位,0.65,22.31,22.44,507.0,6660717,511.2,505.95,466.6,358.80833333333334,data\all_twse\3450_2025-06-01_2026-06-01.csv,
TWSE,3504,揚明光,2026-06-09,台積電策略,10/20MA支撐後跳空站回5/10/20MA,5,5/5,月線仍在季線之上、月線與季線同步上揚、季線站在半年線之上、回測月線後收盤守住、紅K收在當日相對高位,0.59,9.96,10.96,80.1,2029980,78.34000000000002,78.72000000000004,76.77499999999999,65.6566666666667,data\all_twse\3504_2025-06-01_2026-06-01.csv,
TWSE,3504,揚明光,2026-06-09,群聯策略,10/20MA支撐後跳空站回5/10/20MA,5,5/5,月線仍在季線之上、月線與季線同步上揚、季線站在半年線之上、回測月線後收盤守住、紅K收在當日相對高位,0.59,9.96,10.96,80.1,2029980,78.34000000000002,78.72000000000004,76.77499999999999,65.6566666666667,data\all_twse\3504_2025-06-01_2026-06-01.csv,
TWSE,3550,聯穎,2026-06-09,台積電策略,均線糾結後帶量紅K,4,4/5,短中期均線維持多頭排列、月線與季線同步上揚、季線站在半年線之上、收盤仍在月線上方、紅K收在當日相對高位,3.23,2.4,6.17,25.9,11675585,23.19000000000001,21.869999999999997,21.29499999999999,20.075833333333346,data\all_twse\3550_2025-06-01_2026-06-01.csv,
TWSE,3550,聯穎,2026-06-09,群聯策略,均線糾結後帶量紅K,4,4/5,短中期均線維持多頭排列、月線與季線同步上揚、季線站在半年線之上、收盤仍在月線上方、紅K收在當日相對高位,3.23,2.4,6.17,25.9,11675585,23.19000000000001,21.869999999999997,21.29499999999999,20.075833333333346,data\all_twse\3550_2025-06-01_2026-06-01.csv,
TWSE,4739,康普,2026-06-09,台積電策略,10/20MA支撐後跳空站回5/10/20MA,5,5/5,短中期均線維持多頭排列、月線與季線同步上揚、季線站在半年線之上、收盤仍在月線上方、紅K收在當日相對高位,2.54,12.26,14.08,130.0,17419407,116.59999999999994,110.42000000000003,103.755,91.24833333333322,data\all_twse\4739_2025-06-01_2026-06-01.csv,
TWSE,4739,康普,2026-06-09,群聯策略,10/20MA支撐後跳空站回5/10/20MA,5,5/5,短中期均線維持多頭排列、月線與季線同步上揚、季線站在半年線之上、收盤仍在月線上方、紅K收在當日相對高位,2.54,12.26,14.08,130.0,17419407,116.59999999999994,110.42000000000003,103.755,91.24833333333322,data\all_twse\4739_2025-06-01_2026-06-01.csv,
TWSE,4763,材料*-KY,2026-06-09,台積電策略,均線糾結後帶量紅K,5,5/5,回測月線後收盤守住、低點貼近月線，回測位置乾淨、紅K收在當日相對高位、量能健康放大至20日均量2.1x、均線收斂後轉強,2.08,-0.31,-4.04,45.35,14498623,43.31000000000009,42.40999999999988,42.17499999999979,43.26999999999993,data\all_twse\4763_2025-06-01_2026-06-01.csv,
TWSE,4763,材料*-KY,2026-06-09,群聯策略,均線糾結後帶量紅K,5,5/5,回測月線後收盤守住、低點貼近月線，回測位置乾淨、紅K收在當日相對高位、量能健康放大至20日均量2.1x、均線收斂後轉強,2.08,-0.31,-4.04,45.35,14498623,43.31000000000009,42.40999999999988,42.17499999999979,43.26999999999993,data\all_twse\4763_2025-06-01_2026-06-01.csv,
TWSE,4916,事欣科,2026-06-09,台積電策略,10/20MA支撐後跳空站回5/10/20MA,4,4/5,短中期均線維持多頭排列、月線與季線同步上揚、季線站在半年線之上、收盤仍在月線上方、紅K收在當日相對高位,1.0,33.61,17.52,119.5,13605010,117.70000000000007,110.48999999999998,94.16499999999998,72.24500000000006,data\all_twse\4916_2025-06-01_2026-06-01.csv,
TWSE,4916,事欣科,2026-06-09,群聯策略,10/20MA支撐後跳空站回5/10/20MA,4,4/5,短中期均線維持多頭排列、月線與季線同步上揚、季線站在半年線之上、收盤仍在月線上方、紅K收在當日相對高位,1.0,33.61,17.52,119.5,13605010,117.70000000000007,110.48999999999998,94.16499999999998,72.24500000000006,data\all_twse\4916_2025-06-01_2026-06-01.csv,
TWSE,4976,佳凌,2026-06-09,台積電策略,均線糾結後帶量紅K,4,4/5,短中期均線維持多頭排列、收盤仍在月線上方、紅K收在當日相對高位、量能健康放大至20日均量2.3x、紅K實體夠大,2.35,5.46,1.42,35.55,3338505,33.17,32.37,31.657499999999988,29.948333333333355,data\all_twse\4976_2025-06-01_2026-06-01.csv,
TWSE,4976,佳凌,2026-06-09,群聯策略,均線糾結後帶量紅K,4,4/5,短中期均線維持多頭排列、收盤仍在月線上方、紅K收在當日相對高位、量能健康放大至20日均量2.3x、紅K實體夠大,2.35,5.46,1.42,35.55,3338505,33.17,32.37,31.657499999999988,29.948333333333355,data\all_twse\4976_2025-06-01_2026-06-01.csv,
TWSE,5522,遠雄,2026-06-09,台積電策略,均線糾結後帶量紅K,5,5/5,短中期均線維持多頭排列、月線與季線同步上揚、季線站在半年線之上、回測月線後收盤守住、紅K收在當日相對高位,1.56,2.82,2.55,76.0,1668782,75.1199999999999,73.18000000000004,71.97999999999999,70.73166666666673,data\all_twse\5522_2025-06-01_2026-06-01.csv,
TWSE,5522,遠雄,2026-06-09,群聯策略,均線糾結後帶量紅K,5,5/5,短中期均線維持多頭排列、月線與季線同步上揚、季線站在半年線之上、回測月線後收盤守住、紅K收在當日相對高位,1.56,2.82,2.55,76.0,1668782,75.1199999999999,73.18000000000004,71.97999999999999,70.73166666666673,data\all_twse\5522_2025-06-01_2026-06-01.csv,
TWSE,5876,上海商銀,2026-06-09,台積電策略,均線糾結後帶量紅K,5,5/5,短中期均線維持多頭排列、回測月線後收盤守住、低點貼近月線，回測位置乾淨、紅K收在當日相對高位、量能健康放大至20日均量2.2x,2.16,1.54,0.44,42.65,30966465,40.87000000000001,40.14000000000003,40.13499999999999,39.60250000000007,data\all_twse\5876_2025-06-01_2026-06-01.csv,
TWSE,5876,上海商銀,2026-06-09,群聯策略,均線糾結後帶量紅K,5,5/5,短中期均線維持多頭排列、回測月線後收盤守住、低點貼近月線，回測位置乾淨、紅K收在當日相對高位、量能健康放大至20日均量2.2x,2.16,1.54,0.44,42.65,30966465,40.87000000000001,40.14000000000003,40.13499999999999,39.60250000000007,data\all_twse\5876_2025-06-01_2026-06-01.csv,
TWSE,5880,合庫金,2026-06-09,台積電策略,均線糾結後帶量紅K,5,5/5,回測月線後收盤守住、低點貼近月線，回測位置乾淨、紅K收在當日相對高位、量能健康放大至20日均量1.9x、均線收斂後轉強,1.94,0.03,-1.12,23.85,46115818,23.250000000000007,22.989999999999984,22.887499999999992,23.178333333333345,data\all_twse\5880_2025-06-01_2026-06-01.csv,
TWSE,5880,合庫金,2026-06-09,群聯策略,均線糾結後帶量紅K,5,5/5,回測月線後收盤守住、低點貼近月線，回測位置乾淨、紅K收在當日相對高位、量能健康放大至20日均量1.9x、均線收斂後轉強,1.94,0.03,-1.12,23.85,46115818,23.250000000000007,22.989999999999984,22.887499999999992,23.178333333333345,data\all_twse\5880_2025-06-01_2026-06-01.csv,
TWSE,6005,群益證,2026-06-09,台積電策略,主升段回測10MA,5,5/5,短中期均線維持多頭排列、月線與季線同步上揚、季線站在半年線之上、回測10MA後收盤守住、低點貼近10MA，回測位置乾淨,2.03,15.14,6.09,40.65,36901596,41.42000000000003,38.23499999999997,34.822499999999984,30.491666666666664,data\all_twse\6005_2025-06-01_2026-06-01.csv,
TWSE,6005,群益證,2026-06-09,群聯策略,主升段回測10MA,5,5/5,短中期均線維持多頭排列、月線與季線同步上揚、季線站在半年線之上、回測10MA後收盤守住、低點貼近10MA，回測位置乾淨,2.03,15.14,6.09,40.65,36901596,41.42000000000003,38.23499999999997,34.822499999999984,30.491666666666664,data\all_twse\6005_2025-06-01_2026-06-01.csv,
TWSE,6165,浪凡,2026-06-09,台積電策略,季線支撐後跳空站回5/10/20MA,5,5/5,月線仍在季線之上、季線斜率偏強、季線站在半年線之上、回測季線後收盤守住、K棒未轉弱,2.55,-3.15,4.71,50.2,1681077,48.89999999999998,48.68000000000005,48.88249999999998,48.15583333333331,data\all_twse\6165_2025-06-01_2026-06-01.csv,
TWSE,6165,浪凡,2026-06-09,群聯策略,季線支撐後跳空站回5/10/20MA,5,5/5,月線仍在季線之上、季線斜率偏強、季線站在半年線之上、回測季線後收盤守住、K棒未轉弱,2.55,-3.15,4.71,50.2,1681077,48.89999999999998,48.68000000000005,48.88249999999998,48.15583333333331,data\all_twse\6165_2025-06-01_2026-06-01.csv,
TWSE,6166,凌華,2026-06-09,台積電策略,10/20MA支撐後跳空站回5/10/20MA,5,5/5,短中期均線維持多頭排列、月線與季線同步上揚、季線站在半年線之上、收盤仍在月線上方、紅K收在當日相對高位,0.63,27.62,30.28,137.5,2957066,132.2,131.79999999999995,121.76000000000002,85.89500000000004,data\all_twse\6166_2025-06-01_2026-06-01.csv,
TWSE,6166,凌華,2026-06-09,群聯策略,10/20MA支撐後跳空站回5/10/20MA,5,5/5,短中期均線維持多頭排列、月線與季線同步上揚、季線站在半年線之上、收盤仍在月線上方、紅K收在當日相對高位,0.63,27.62,30.28,137.5,2957066,132.2,131.79999999999995,121.76000000000002,85.89500000000004,data\all_twse\6166_2025-06-01_2026-06-01.csv,
TWSE,6189,豐藝,2026-06-09,台積電策略,10/20MA支撐後跳空站回5/10/20MA,5,5/5,短中期均線維持多頭排列、月線與季線同步上揚、季線站在半年線之上、收盤仍在月線上方、紅K收在當日相對高位,3.35,3.73,2.73,55.9,6487868,52.879999999999995,51.82999999999991,50.42750000000001,47.99249999999997,data\all_twse\6189_2025-06-01_2026-06-01.csv,
TWSE,6189,豐藝,2026-06-09,群聯策略,10/20MA支撐後跳空站回5/10/20MA,5,5/5,短中期均線維持多頭排列、月線與季線同步上揚、季線站在半年線之上、收盤仍在月線上方、紅K收在當日相對高位,3.35,3.73,2.73,55.9,6487868,52.879999999999995,51.82999999999991,50.42750000000001,47.99249999999997,data\all_twse\6189_2025-06-01_2026-06-01.csv,
TWSE,6196,帆宣,2026-06-09,台積電策略,10/20MA支撐後跳空站回5/10/20MA,5,5/5,短中期均線維持多頭排列、月線與季線同步上揚、季線站在半年線之上、收盤仍在月線上方、紅K收在當日相對高位,0.6,14.69,19.69,520.0,1845076,508.3,504.05,461.725,373.45,data\all_twse\6196_2025-06-01_2026-06-01.csv,
TWSE,6196,帆宣,2026-06-09,群聯策略,10/20MA支撐後跳空站回5/10/20MA,5,5/5,短中期均線維持多頭排列、月線與季線同步上揚、季線站在半年線之上、收盤仍在月線上方、紅K收在當日相對高位,0.6,14.69,19.69,520.0,1845076,508.3,504.05,461.725,373.45,data\all_twse\6196_2025-06-01_2026-06-01.csv,
TWSE,6197,佳必琪,2026-06-09,台積電策略,10/20MA支撐後跳空站回5/10/20MA,5,5/5,短中期均線維持多頭排列、月線與季線同步上揚、季線站在半年線之上、收盤仍在月線上方、紅K收在當日相對高位,1.71,20.87,22.54,343.0,9634091,323.0,302.95,265.8,212.85833333333332,data\all_twse\6197_2025-06-01_2026-06-01.csv,
TWSE,6197,佳必琪,2026-06-09,群聯策略,10/20MA支撐後跳空站回5/10/20MA,5,5/5,短中期均線維持多頭排列、月線與季線同步上揚、季線站在半年線之上、收盤仍在月線上方、紅K收在當日相對高位,1.71,20.87,22.54,343.0,9634091,323.0,302.95,265.8,212.85833333333332,data\all_twse\6197_2025-06-01_2026-06-01.csv,
TWSE,6271,同欣電,2026-06-09,台積電策略,主升段回測月線,3,3/5,月線仍在季線之上、月線與季線同步上揚、季線站在半年線之上、收盤仍在月線上方、紅K收在當日相對高位,0.26,18.33,12.23,240.0,2121395,238.4,244.2,216.95,182.94166666666666,data\all_twse\6271_2025-06-01_2026-06-01.csv,
TWSE,6271,同欣電,2026-06-09,群聯策略,主升段回測月線,3,3/5,月線仍在季線之上、月線與季線同步上揚、季線站在半年線之上、收盤仍在月線上方、紅K收在當日相對高位,0.26,18.33,12.23,240.0,2121395,238.4,244.2,216.95,182.94166666666666,data\all_twse\6271_2025-06-01_2026-06-01.csv,
TWSE,6282,康舒,2026-06-09,台積電策略,10/20MA支撐後跳空站回5/10/20MA,5,5/5,短中期均線維持多頭排列、月線與季線同步上揚、季線站在半年線之上、回測月線後收盤守住、低點貼近月線，回測位置乾淨,1.11,12.9,6.04,63.2,69917998,62.91999999999998,61.709999999999965,57.17999999999999,51.080000000000034,data\all_twse\6282_2025-06-01_2026-06-01.csv,
TWSE,6282,康舒,2026-06-09,群聯策略,10/20MA支撐後跳空站回5/10/20MA,5,5/5,短中期均線維持多頭排列、月線與季線同步上揚、季線站在半年線之上、回測月線後收盤守住、低點貼近月線，回測位置乾淨,1.11,12.9,6.04,63.2,69917998,62.91999999999998,61.709999999999965,57.17999999999999,51.080000000000034,data\all_twse\6282_2025-06-01_2026-06-01.csv,
TWSE,6525,捷敏-KY,2026-06-09,台積電策略,主升段回測月線,3,3/5,月線仍在季線之上、月線與季線同步上揚、季線站在半年線之上、回測月線後收盤守住、低點貼近月線，回測位置乾淨,0.56,12.31,14.44,119.0,1154872,119.80000000000014,123.0,116.925,97.61666666666669,data\all_twse\6525_2025-06-01_2026-06-01.csv,
TWSE,6525,捷敏-KY,2026-06-09,群聯策略,主升段回測月線,3,3/5,月線仍在季線之上、月線與季線同步上揚、季線站在半年線之上、回測月線後收盤守住、低點貼近月線，回測位置乾淨,0.56,12.31,14.44,119.0,1154872,119.80000000000014,123.0,116.925,97.61666666666669,data\all_twse\6525_2025-06-01_2026-06-01.csv,
TWSE,6579,研揚,2026-06-09,台積電策略,主升段回測月線,4,4/5,月線仍在季線之上、月線與季線同步上揚、季線站在半年線之上、回測月線後收盤守住、低點貼近月線，回測位置乾淨,1.02,14.93,12.45,164.0,1125051,162.6,166.3,157.025,130.95833333333334,data\all_twse\6579_2025-06-01_2026-06-01.csv,
TWSE,6579,研揚,2026-06-09,群聯策略,主升段回測月線,4,4/5,月線仍在季線之上、月線與季線同步上揚、季線站在半年線之上、回測月線後收盤守住、低點貼近月線，回測位置乾淨,1.02,14.93,12.45,164.0,1125051,162.6,166.3,157.025,130.95833333333334,data\all_twse\6579_2025-06-01_2026-06-01.csv,
TWSE,6742,澤米,2026-06-09,台積電策略,主升段回測月線,5,5/5,短中期均線維持多頭排列、月線與季線同步上揚、季線站在半年線之上、回測月線後收盤守住、紅K收在當日相對高位,0.94,21.34,8.41,59.9,2879520,58.36,58.31,53.34000000000002,45.29166666666668,data\all_twse\6742_2025-06-01_2026-06-01.csv,
TWSE,6742,澤米,2026-06-09,群聯策略,主升段回測月線,5,5/5,短中期均線維持多頭排列、月線與季線同步上揚、季線站在半年線之上、回測月線後收盤守住、紅K收在當日相對高位,0.94,21.34,8.41,59.9,2879520,58.36,58.31,53.34000000000002,45.29166666666668,data\all_twse\6742_2025-06-01_2026-06-01.csv,
TWSE,6831,邁科,2026-06-09,台積電策略,10/20MA支撐後跳空站回5/10/20MA,5,5/5,月線仍在季線之上、月線與季線同步上揚、季線站在半年線之上、回測月線後收盤守住、紅K收在當日相對高位,1.2,21.4,40.94,776.0,1837200,735.6,764.2,737.45,528.3833333333333,data\all_twse\6831_2025-06-01_2026-06-01.csv,
TWSE,6831,邁科,2026-06-09,群聯策略,10/20MA支撐後跳空站回5/10/20MA,5,5/5,月線仍在季線之上、月線與季線同步上揚、季線站在半年線之上、回測月線後收盤守住、紅K收在當日相對高位,1.2,21.4,40.94,776.0,1837200,735.6,764.2,737.45,528.3833333333333,data\all_twse\6831_2025-06-01_2026-06-01.csv,
TWSE,6862,三集瑞-KY,2026-06-09,台積電策略,10/20MA支撐後跳空站回5/10/20MA,4,4/5,短中期均線維持多頭排列、季線站在半年線之上、收盤仍在月線上方、K棒未轉弱、量能健康放大至20日均量1.7x,1.7,7.3,-1.16,203.5,3042329,202.6,199.5,184.15,183.225,data\all_twse\6862_2025-06-01_2026-06-01.csv,
TWSE,6862,三集瑞-KY,2026-06-09,群聯策略,10/20MA支撐後跳空站回5/10/20MA,4,4/5,短中期均線維持多頭排列、季線站在半年線之上、收盤仍在月線上方、K棒未轉弱、量能健康放大至20日均量1.7x,1.7,7.3,-1.16,203.5,3042329,202.6,199.5,184.15,183.225,data\all_twse\6862_2025-06-01_2026-06-01.csv,
TWSE,6890,來億-KY,2026-06-09,台積電策略,均線糾結後帶量紅K,3,3/5,短中期均線維持多頭排列、收盤仍在月線上方、紅K收在當日相對高位、量能健康放大至20日均量1.9x、紅K實體夠大,1.86,12.8,-3.53,274.0,2762813,226.4,197.8,181.475,169.01666666666668,data\all_twse\6890_2025-06-01_2026-06-01.csv,
TWSE,6890,來億-KY,2026-06-09,群聯策略,均線糾結後帶量紅K,3,3/5,短中期均線維持多頭排列、收盤仍在月線上方、紅K收在當日相對高位、量能健康放大至20日均量1.9x、紅K實體夠大,1.86,12.8,-3.53,274.0,2762813,226.4,197.8,181.475,169.01666666666668,data\all_twse\6890_2025-06-01_2026-06-01.csv,
TWSE,8021,尖點,2026-06-09,台積電策略,10/20MA支撐後跳空站回5/10/20MA,5,5/5,短中期均線維持多頭排列、月線與季線同步上揚、季線站在半年線之上、收盤仍在月線上方、紅K收在當日相對高位,1.33,5.03,24.87,506.0,9684100,466.6,456.55,440.175,364.3,data\all_twse\8021_2025-06-01_2026-06-01.csv,
TWSE,8021,尖點,2026-06-09,群聯策略,10/20MA支撐後跳空站回5/10/20MA,5,5/5,短中期均線維持多頭排列、月線與季線同步上揚、季線站在半年線之上、收盤仍在月線上方、紅K收在當日相對高位,1.33,5.03,24.87,506.0,9684100,466.6,456.55,440.175,364.3,data\all_twse\8021_2025-06-01_2026-06-01.csv,
TWSE,8046,南電,2026-06-09,台積電策略,10/20MA支撐後跳空站回5/10/20MA,5,5/5,月線仍在季線之上、季線斜率偏強、季線站在半年線之上、回測月線後收盤守住、紅K收在當日相對高位,1.08,-3.34,22.9,914.0,18885820,871.4,876.6,865.55,750.4833333333333,data\all_twse\8046_2025-06-01_2026-06-01.csv,
TWSE,8046,南電,2026-06-09,群聯策略,10/20MA支撐後跳空站回5/10/20MA,5,5/5,月線仍在季線之上、季線斜率偏強、季線站在半年線之上、回測月線後收盤守住、紅K收在當日相對高位,1.08,-3.34,22.9,914.0,18885820,871.4,876.6,865.55,750.4833333333333,data\all_twse\8046_2025-06-01_2026-06-01.csv,
TWSE,8105,凌巨,2026-06-09,台積電策略,均線糾結後帶量紅K,4,4/5,短中期均線維持多頭排列、月線與季線同步上揚、季線站在半年線之上、收盤仍在月線上方、紅K收在當日相對高位,2.4,18.25,12.44,21.65,37275530,20.450000000000003,18.715,17.200000000000003,14.69833333333334,data\all_twse\8105_2025-06-01_2026-06-01.csv,
TWSE,8105,凌巨,2026-06-09,群聯策略,均線糾結後帶量紅K,4,4/5,短中期均線維持多頭排列、月線與季線同步上揚、季線站在半年線之上、收盤仍在月線上方、紅K收在當日相對高位,2.4,18.25,12.44,21.65,37275530,20.450000000000003,18.715,17.200000000000003,14.69833333333334,data\all_twse\8105_2025-06-01_2026-06-01.csv,
TWSE,8112,至上,2026-06-09,台積電策略,季線支撐後跳空站回5/10/20MA,5,5/5,短中期均線維持多頭排列、月線與季線同步上揚、季線站在半年線之上、回測季線後收盤守住、低點貼近季線，回測位置乾淨,0.85,1.62,5.58,91.2,26610267,90.88000000000008,88.17,86.10000000000001,84.74333333333342,data\all_twse\8112_2025-06-01_2026-06-01.csv,
TWSE,8112,至上,2026-06-09,群聯策略,季線支撐後跳空站回5/10/20MA,5,5/5,短中期均線維持多頭排列、月線與季線同步上揚、季線站在半年線之上、回測季線後收盤守住、低點貼近季線，回測位置乾淨,0.85,1.62,5.58,91.2,26610267,90.88000000000008,88.17,86.10000000000001,84.74333333333342,data\all_twse\8112_2025-06-01_2026-06-01.csv,
TWSE,8150,南茂,2026-06-09,台積電策略,主升段回測月線,5,5/5,短中期均線維持多頭排列、月線與季線同步上揚、季線站在半年線之上、回測月線後收盤守住、紅K收在當日相對高位,1.38,11.48,15.8,95.9,59758112,96.99999999999997,96.70999999999995,89.23500000000003,74.1366666666667,data\all_twse\8150_2025-06-01_2026-06-01.csv,
TWSE,8150,南茂,2026-06-09,群聯策略,主升段回測月線,5,5/5,短中期均線維持多頭排列、月線與季線同步上揚、季線站在半年線之上、回測月線後收盤守住、紅K收在當日相對高位,1.38,11.48,15.8,95.9,59758112,96.99999999999997,96.70999999999995,89.23500000000003,74.1366666666667,data\all_twse\8150_2025-06-01_2026-06-01.csv,
TWSE,8210,勤誠,2026-06-09,台積電策略,10/20MA支撐後跳空站回5/10/20MA,5,5/5,月線仍在季線之上、月線與季線同步上揚、季線站在半年線之上、回測月線後收盤守住、紅K收在當日相對高位,1.51,6.63,16.25,1510.0,2963382,1406.0,1399.0,1407.75,1134.7,data\all_twse\8210_2025-06-01_2026-06-01.csv,
TWSE,8210,勤誠,2026-06-09,群聯策略,10/20MA支撐後跳空站回5/10/20MA,5,5/5,月線仍在季線之上、月線與季線同步上揚、季線站在半年線之上、回測月線後收盤守住、紅K收在當日相對高位,1.51,6.63,16.25,1510.0,2963382,1406.0,1399.0,1407.75,1134.7,data\all_twse\8210_2025-06-01_2026-06-01.csv,
TWSE,8261,富鼎,2026-06-09,台積電策略,主升段回測月線,4,4/5,月線仍在季線之上、月線與季線同步上揚、季線站在半年線之上、回測月線後收盤守住、紅K收在當日相對高位,0.55,21.34,20.15,164.5,5781168,166.5999999999999,176.85000000000005,158.49999999999994,127.83666666666663,data\all_twse\8261_2025-06-01_2026-06-01.csv,
TWSE,8261,富鼎,2026-06-09,群聯策略,主升段回測月線,4,4/5,月線仍在季線之上、月線與季線同步上揚、季線站在半年線之上、回測月線後收盤守住、紅K收在當日相對高位,0.55,21.34,20.15,164.5,5781168,166.5999999999999,176.85000000000005,158.49999999999994,127.83666666666663,data\all_twse\8261_2025-06-01_2026-06-01.csv,
TWSE,8454,富邦媒,2026-06-09,台積電策略,均線糾結後帶量紅K,4,4/5,短中期均線維持多頭排列、月線與季線同步上揚、收盤仍在月線上方、紅K收在當日相對高位、量能健康放大至20日均量1.8x,1.77,24.51,8.1,426.5,3503276,334.9,268.25,230.4,195.55833333333334,data\all_twse\8454_2025-06-01_2026-06-01.csv,
TWSE,8454,富邦媒,2026-06-09,群聯策略,均線糾結後帶量紅K,4,4/5,短中期均線維持多頭排列、月線與季線同步上揚、收盤仍在月線上方、紅K收在當日相對高位、量能健康放大至20日均量1.8x,1.77,24.51,8.1,426.5,3503276,334.9,268.25,230.4,195.55833333333334,data\all_twse\8454_2025-06-01_2026-06-01.csv,
TWSE,8926,台汽電,2026-06-09,台積電策略,10/20MA支撐後跳空站回5/10/20MA,5,5/5,短中期均線維持多頭排列、月線與季線同步上揚、季線站在半年線之上、收盤仍在月線上方、紅K收在當日相對高位,1.38,21.16,13.08,73.5,19260676,68.91999999999999,68.19999999999996,62.84000000000001,51.23249999999997,data\all_twse\8926_2025-06-01_2026-06-01.csv,
TWSE,8926,台汽電,2026-06-09,群聯策略,10/20MA支撐後跳空站回5/10/20MA,5,5/5,短中期均線維持多頭排列、月線與季線同步上揚、季線站在半年線之上、收盤仍在月線上方、紅K收在當日相對高位,1.38,21.16,13.08,73.5,19260676,68.91999999999999,68.19999999999996,62.84000000000001,51.23249999999997,data\all_twse\8926_2025-06-01_2026-06-01.csv,
TWSE,9910,豐泰,2026-06-09,台積電策略,均線糾結後帶量紅K,3,3/5,收盤仍在月線上方、紅K收在當日相對高位、量能健康放大至20日均量2.3x、紅K實體夠大,2.32,1.72,-8.35,86.3,9599573,78.51999999999995,73.33000000000001,72.07000000000002,75.94833333333334,data\all_twse\9910_2025-06-01_2026-06-01.csv,
TWSE,9910,豐泰,2026-06-09,群聯策略,均線糾結後帶量紅K,3,3/5,收盤仍在月線上方、紅K收在當日相對高位、量能健康放大至20日均量2.3x、紅K實體夠大,2.32,1.72,-8.35,86.3,9599573,78.51999999999995,73.33000000000001,72.07000000000002,75.94833333333334,data\all_twse\9910_2025-06-01_2026-06-01.csv,
