market,stock_no,stock_name,date,strategy,reason,score,score_label,score_reasons,volume_ratio,ma20_slope_pct,ma60_slope_pct,close,volume,ma5,ma10,ma20,ma60,source,chart_path
TPEX,1569,濱川,2026-10-07,台積電策略,均線糾結後帶量紅K,5,5/5,短中期均線維持多頭排列、月線與季線同步上揚、收盤仍在月線上方、紅K收在當日相對高位、量能健康放大至20日均量1.5x,1.52,22.31,5.82,72.2,6248000,68.19999999999996,66.07999999999996,58.250000000000014,48.97333333333335,data/all_tpex/1569_2025-06-02_2026-06-02.csv,
TPEX,1569,濱川,2026-10-07,群聯策略,均線糾結後帶量紅K,5,5/5,短中期均線維持多頭排列、月線與季線同步上揚、收盤仍在月線上方、紅K收在當日相對高位、量能健康放大至20日均量1.5x,1.52,22.31,5.82,72.2,6248000,68.19999999999996,66.07999999999996,58.250000000000014,48.97333333333335,data/all_tpex/1569_2025-06-02_2026-06-02.csv,
TPEX,3265,台星科,2026-10-07,台積電策略,10/20MA支撐後跳空站回5/10/20MA,4,4/5,短中期均線維持多頭排列、季線站在半年線之上、收盤仍在月線上方、K棒未轉弱、量能健康放大至20日均量1.3x,1.32,4.79,-0.47,217.0,2291000,195.0999999999999,189.45,179.37499999999994,172.59999999999994,data/all_tpex/3265_2025-06-02_2026-06-02.csv,
TPEX,3265,台星科,2026-10-07,群聯策略,10/20MA支撐後跳空站回5/10/20MA,4,4/5,短中期均線維持多頭排列、季線站在半年線之上、收盤仍在月線上方、K棒未轉弱、量能健康放大至20日均量1.3x,1.32,4.79,-0.47,217.0,2291000,195.0999999999999,189.45,179.37499999999994,172.59999999999994,data/all_tpex/3265_2025-06-02_2026-06-02.csv,
TPEX,3324,雙鴻,2026-10-07,台積電策略,主升段回測月線,3,3/5,月線仍在季線之上、月線與季線同步上揚、季線站在半年線之上、回測月線後收盤守住、低點貼近月線，回測位置乾淨,0.73,17.43,13.78,1525.0,2602000,1527.0,1570.0,1481.75,1163.8833333333334,data/all_tpex/3324_2025-06-02_2026-06-02.csv,
TPEX,3324,雙鴻,2026-10-07,群聯策略,主升段回測月線,3,3/5,月線仍在季線之上、月線與季線同步上揚、季線站在半年線之上、回測月線後收盤守住、低點貼近月線，回測位置乾淨,0.73,17.43,13.78,1525.0,2602000,1527.0,1570.0,1481.75,1163.8833333333334,data/all_tpex/3324_2025-06-02_2026-06-02.csv,
TPEX,3373,熱映,2026-10-07,台積電策略,均線糾結後帶量紅K,4,4/5,回測月線後收盤守住、低點貼近月線，回測位置乾淨、紅K收在當日相對高位、爆量至20日均量11.2x，需留意追高、均線收斂後轉強,11.21,-1.4,-1.52,17.1,1078000,16.169999999999995,16.08,16.027499999999996,16.42333333333332,data/all_tpex/3373_2025-06-02_2026-06-02.csv,
TPEX,3373,熱映,2026-10-07,群聯策略,均線糾結後帶量紅K,4,4/5,回測月線後收盤守住、低點貼近月線，回測位置乾淨、紅K收在當日相對高位、爆量至20日均量11.2x，需留意追高、均線收斂後轉強,11.21,-1.4,-1.52,17.1,1078000,16.169999999999995,16.08,16.027499999999996,16.42333333333332,data/all_tpex/3373_2025-06-02_2026-06-02.csv,
TPEX,3624,光頡,2026-10-07,台積電策略,季線支撐後跳空站回5/10/20MA,4,4/5,短中期均線維持多頭排列、月線與季線同步上揚、季線站在半年線之上、收盤仍在季線上方、紅K收在當日相對高位,1.17,27.37,2.23,159.5,29538000,149.9000000000001,142.30000000000004,127.085,111.41333333333336,data/all_tpex/3624_2025-06-02_2026-06-02.csv,
TPEX,3624,光頡,2026-10-07,群聯策略,季線支撐後跳空站回5/10/20MA,4,4/5,短中期均線維持多頭排列、月線與季線同步上揚、季線站在半年線之上、收盤仍在季線上方、紅K收在當日相對高位,1.17,27.37,2.23,159.5,29538000,149.9000000000001,142.30000000000004,127.085,111.41333333333336,data/all_tpex/3624_2025-06-02_2026-06-02.csv,
TPEX,4167,松瑞藥,2026-10-07,台積電策略,均線糾結後帶量紅K,4,4/5,回測月線後收盤守住、低點貼近月線，回測位置乾淨、紅K收在當日相對高位、爆量至20日均量5.5x，需留意追高、均線收斂後轉強,5.49,-0.15,-0.54,20.45,4543000,19.69999999999998,19.675000000000004,19.407500000000002,19.57916666666667,data/all_tpex/4167_2025-06-02_2026-06-02.csv,
TPEX,4167,松瑞藥,2026-10-07,群聯策略,均線糾結後帶量紅K,4,4/5,回測月線後收盤守住、低點貼近月線，回測位置乾淨、紅K收在當日相對高位、爆量至20日均量5.5x，需留意追高、均線收斂後轉強,5.49,-0.15,-0.54,20.45,4543000,19.69999999999998,19.675000000000004,19.407500000000002,19.57916666666667,data/all_tpex/4167_2025-06-02_2026-06-02.csv,
TPEX,4171,瑞基,2026-10-07,台積電策略,均線糾結後帶量紅K,3,3/5,收盤仍在月線上方、紅K收在當日相對高位、爆量至20日均量10.4x，需留意追高、均線收斂後轉強、紅K實體夠大,10.4,-1.12,-2.06,18.4,1022000,16.94,16.669999999999995,16.590000000000003,17.10916666666667,data/all_tpex/4171_2025-06-02_2026-06-02.csv,
TPEX,4171,瑞基,2026-10-07,群聯策略,均線糾結後帶量紅K,3,3/5,收盤仍在月線上方、紅K收在當日相對高位、爆量至20日均量10.4x，需留意追高、均線收斂後轉強、紅K實體夠大,10.4,-1.12,-2.06,18.4,1022000,16.94,16.669999999999995,16.590000000000003,17.10916666666667,data/all_tpex/4171_2025-06-02_2026-06-02.csv,
TPEX,5340,建榮,2026-10-07,台積電策略,均線糾結後帶量紅K,5,5/5,短中期均線維持多頭排列、收盤仍在月線上方、紅K收在當日相對高位、量能健康放大至20日均量2.9x、均線收斂後轉強,2.89,2.52,-5.18,90.0,9921000,84.81999999999995,83.20999999999997,83.09,80.0866666666666,data/all_tpex/5340_2025-06-02_2026-06-02.csv,
TPEX,5340,建榮,2026-10-07,群聯策略,均線糾結後帶量紅K,5,5/5,短中期均線維持多頭排列、收盤仍在月線上方、紅K收在當日相對高位、量能健康放大至20日均量2.9x、均線收斂後轉強,2.89,2.52,-5.18,90.0,9921000,84.81999999999995,83.20999999999997,83.09,80.0866666666666,data/all_tpex/5340_2025-06-02_2026-06-02.csv,
TPEX,5460,同協,2026-10-07,台積電策略,10/20MA支撐後跳空站回5/10/20MA,5,5/5,短中期均線維持多頭排列、月線與季線同步上揚、季線站在半年線之上、收盤仍在月線上方、紅K收在當日相對高位,9.54,3.95,4.11,19.25,2245000,17.79,17.380000000000003,17.159999999999993,16.62916666666667,data/all_tpex/5460_2025-06-02_2026-06-02.csv,
TPEX,5460,同協,2026-10-07,群聯策略,10/20MA支撐後跳空站回5/10/20MA,5,5/5,短中期均線維持多頭排列、月線與季線同步上揚、季線站在半年線之上、收盤仍在月線上方、紅K收在當日相對高位,9.54,3.95,4.11,19.25,2245000,17.79,17.380000000000003,17.159999999999993,16.62916666666667,data/all_tpex/5460_2025-06-02_2026-06-02.csv,
TPEX,5475,德宏,2026-10-07,台積電策略,均線糾結後帶量紅K,5,5/5,月線仍在季線之上、回測月線後收盤守住、低點貼近月線，回測位置乾淨、紅K收在當日相對高位、量能健康放大至20日均量2.2x,2.23,0.86,-13.77,193.0,11057000,183.3,181.55,182.225,178.69166666666672,data/all_tpex/5475_2025-06-02_2026-06-02.csv,
TPEX,5475,德宏,2026-10-07,群聯策略,均線糾結後帶量紅K,5,5/5,月線仍在季線之上、回測月線後收盤守住、低點貼近月線，回測位置乾淨、紅K收在當日相對高位、量能健康放大至20日均量2.2x,2.23,0.86,-13.77,193.0,11057000,183.3,181.55,182.225,178.69166666666672,data/all_tpex/5475_2025-06-02_2026-06-02.csv,
TPEX,6218,豪勉,2026-10-07,台積電策略,主升段回測月線,5,5/5,月線仍在季線之上、月線與季線同步上揚、季線站在半年線之上、回測月線後收盤守住、低點貼近月線，回測位置乾淨,1.22,24.9,17.15,60.8,7023000,61.179999999999914,61.68999999999998,55.46500000000003,42.71499999999998,data/all_tpex/6218_2025-06-02_2026-06-02.csv,
TPEX,6218,豪勉,2026-10-07,群聯策略,主升段回測月線,5,5/5,月線仍在季線之上、月線與季線同步上揚、季線站在半年線之上、回測月線後收盤守住、低點貼近月線，回測位置乾淨,1.22,24.9,17.15,60.8,7023000,61.179999999999914,61.68999999999998,55.46500000000003,42.71499999999998,data/all_tpex/6218_2025-06-02_2026-06-02.csv,
TPEX,6667,信紘科,2026-10-07,台積電策略,均線糾結後帶量紅K,3,3/5,短中期均線維持多頭排列、收盤仍在月線上方、紅K收在當日相對高位、爆量至20日均量3.3x，需留意追高、紅K實體夠大,3.34,9.19,-2.29,278.5,1745000,264.9,263.2,254.9,245.26666666666668,data/all_tpex/6667_2025-06-02_2026-06-02.csv,
TPEX,6667,信紘科,2026-10-07,群聯策略,均線糾結後帶量紅K,3,3/5,短中期均線維持多頭排列、收盤仍在月線上方、紅K收在當日相對高位、爆量至20日均量3.3x，需留意追高、紅K實體夠大,3.34,9.19,-2.29,278.5,1745000,264.9,263.2,254.9,245.26666666666668,data/all_tpex/6667_2025-06-02_2026-06-02.csv,
TPEX,6716,應廣,2026-10-07,台積電策略,10/20MA支撐後跳空站回5/10/20MA,3,3/5,短中期均線維持多頭排列、季線斜率偏強、季線站在半年線之上、收盤仍在月線上方、K棒未轉弱,5.27,-1.3,6.98,153.5,5442000,134.20000000000007,125.00000000000004,121.37499999999993,107.63499999999996,data/all_tpex/6716_2025-06-02_2026-06-02.csv,
TPEX,6716,應廣,2026-10-07,群聯策略,10/20MA支撐後跳空站回5/10/20MA,3,3/5,短中期均線維持多頭排列、季線斜率偏強、季線站在半年線之上、收盤仍在月線上方、K棒未轉弱,5.27,-1.3,6.98,153.5,5442000,134.20000000000007,125.00000000000004,121.37499999999993,107.63499999999996,data/all_tpex/6716_2025-06-02_2026-06-02.csv,
TPEX,6811,宏碁資訊,2026-10-07,台積電策略,10/20MA支撐後跳空站回5/10/20MA,5,5/5,短中期均線維持多頭排列、月線與季線同步上揚、季線站在半年線之上、收盤仍在月線上方、紅K收在當日相對高位,2.87,4.65,2.25,273.0,1182000,250.3,247.6,241.375,230.65,data/all_tpex/6811_2025-06-02_2026-06-02.csv,
TPEX,6811,宏碁資訊,2026-10-07,群聯策略,10/20MA支撐後跳空站回5/10/20MA,5,5/5,短中期均線維持多頭排列、月線與季線同步上揚、季線站在半年線之上、收盤仍在月線上方、紅K收在當日相對高位,2.87,4.65,2.25,273.0,1182000,250.3,247.6,241.375,230.65,data/all_tpex/6811_2025-06-02_2026-06-02.csv,
TWSE,1304,台聚,2026-10-07,台積電策略,均線糾結後帶量紅K,5,5/5,回測月線後收盤守住、低點貼近月線，回測位置乾淨、紅K收在當日相對高位、量能健康放大至20日均量2.3x、均線收斂後轉強,2.33,1.63,-0.75,13.05,6143309,12.66,12.52500000000001,12.447500000000002,12.648333333333337,data/all_twse/1304_2025-06-02_2026-06-02.csv,
TWSE,1304,台聚,2026-10-07,群聯策略,均線糾結後帶量紅K,5,5/5,回測月線後收盤守住、低點貼近月線，回測位置乾淨、紅K收在當日相對高位、量能健康放大至20日均量2.3x、均線收斂後轉強,2.33,1.63,-0.75,13.05,6143309,12.66,12.52500000000001,12.447500000000002,12.648333333333337,data/all_twse/1304_2025-06-02_2026-06-02.csv,
TWSE,1305,華夏,2026-10-07,台積電策略,均線糾結後帶量紅K,5,5/5,回測月線後收盤守住、低點貼近月線，回測位置乾淨、紅K收在當日相對高位、量能健康放大至20日均量2.1x、均線收斂後轉強,2.08,0.99,-1.2,12.9,3170664,12.469999999999978,12.299999999999986,12.215000000000007,12.343333333333337,data/all_twse/1305_2025-06-02_2026-06-02.csv,
TWSE,1305,華夏,2026-10-07,群聯策略,均線糾結後帶量紅K,5,5/5,回測月線後收盤守住、低點貼近月線，回測位置乾淨、紅K收在當日相對高位、量能健康放大至20日均量2.1x、均線收斂後轉強,2.08,0.99,-1.2,12.9,3170664,12.469999999999978,12.299999999999986,12.215000000000007,12.343333333333337,data/all_twse/1305_2025-06-02_2026-06-02.csv,
TWSE,1326,台化,2026-10-07,台積電策略,均線糾結後帶量紅K,5,5/5,短中期均線維持多頭排列、月線與季線同步上揚、季線站在半年線之上、收盤仍在月線上方、紅K收在當日相對高位,2.06,4.99,11.32,75.8,61381552,71.96000000000004,69.58999999999997,69.48999999999998,64.57000000000004,data/all_twse/1326_2025-06-02_2026-06-02.csv,
TWSE,1326,台化,2026-10-07,群聯策略,均線糾結後帶量紅K,5,5/5,短中期均線維持多頭排列、月線與季線同步上揚、季線站在半年線之上、收盤仍在月線上方、紅K收在當日相對高位,2.06,4.99,11.32,75.8,61381552,71.96000000000004,69.58999999999997,69.48999999999998,64.57000000000004,data/all_twse/1326_2025-06-02_2026-06-02.csv,
TWSE,1409,新纖,2026-10-07,台積電策略,季線支撐後跳空站回5/10/20MA,3,3/5,季線站在半年線之上、收盤仍在季線上方、K棒未轉弱、量能健康放大至20日均量2.1x、跳空1.6%後未明顯回落,2.07,0.06,0.89,26.15,38227710,25.230000000000008,24.79000000000001,24.74249999999999,25.00500000000001,data/all_twse/1409_2025-06-02_2026-06-02.csv,
TWSE,1409,新纖,2026-10-07,群聯策略,季線支撐後跳空站回5/10/20MA,3,3/5,季線站在半年線之上、收盤仍在季線上方、K棒未轉弱、量能健康放大至20日均量2.1x、跳空1.6%後未明顯回落,2.07,0.06,0.89,26.15,38227710,25.230000000000008,24.79000000000001,24.74249999999999,25.00500000000001,data/all_twse/1409_2025-06-02_2026-06-02.csv,
TWSE,1434,福懋,2026-10-07,台積電策略,均線糾結後帶量紅K,5,5/5,短中期均線維持多頭排列、月線與季線同步上揚、季線站在半年線之上、回測月線後收盤守住、低點貼近月線，回測位置乾淨,5.04,0.7,3.68,18.95,9693754,18.189999999999998,18.089999999999993,17.979999999999997,17.94666666666669,data/all_twse/1434_2025-06-02_2026-06-02.csv,
TWSE,1434,福懋,2026-10-07,群聯策略,均線糾結後帶量紅K,5,5/5,短中期均線維持多頭排列、月線與季線同步上揚、季線站在半年線之上、回測月線後收盤守住、低點貼近月線，回測位置乾淨,5.04,0.7,3.68,18.95,9693754,18.189999999999998,18.089999999999993,17.979999999999997,17.94666666666669,data/all_twse/1434_2025-06-02_2026-06-02.csv,
TWSE,1440,南紡,2026-10-07,台積電策略,均線糾結後帶量紅K,5,5/5,短中期均線維持多頭排列、季線站在半年線之上、回測月線後收盤守住、低點貼近月線，回測位置乾淨、紅K收在當日相對高位,2.66,-0.96,1.24,13.95,8440432,13.509999999999996,13.450000000000012,13.44999999999998,13.365,data/all_twse/1440_2025-06-02_2026-06-02.csv,
TWSE,1440,南紡,2026-10-07,群聯策略,均線糾結後帶量紅K,5,5/5,短中期均線維持多頭排列、季線站在半年線之上、回測月線後收盤守住、低點貼近月線，回測位置乾淨、紅K收在當日相對高位,2.66,-0.96,1.24,13.95,8440432,13.509999999999996,13.450000000000012,13.44999999999998,13.365,data/all_twse/1440_2025-06-02_2026-06-02.csv,
TWSE,1455,集盛,2026-10-07,台積電策略,均線糾結後帶量紅K,5,5/5,短中期均線維持多頭排列、季線站在半年線之上、回測月線後收盤守住、低點貼近月線，回測位置乾淨、紅K收在當日相對高位,11.75,-0.42,2.09,10.8,20355917,10.085999999999995,9.916999999999994,9.880000000000003,9.700500000000012,data/all_twse/1455_2025-06-02_2026-06-02.csv,
TWSE,1455,集盛,2026-10-07,群聯策略,均線糾結後帶量紅K,5,5/5,短中期均線維持多頭排列、季線站在半年線之上、回測月線後收盤守住、低點貼近月線，回測位置乾淨、紅K收在當日相對高位,11.75,-0.42,2.09,10.8,20355917,10.085999999999995,9.916999999999994,9.880000000000003,9.700500000000012,data/all_twse/1455_2025-06-02_2026-06-02.csv,
TWSE,1714,和桐,2026-10-07,台積電策略,季線支撐後跳空站回5/10/20MA,3,3/5,月線與季線同步上揚、季線站在半年線之上、收盤仍在季線上方、K棒未轉弱、爆量至20日均量4.7x，需留意追高,4.71,0.15,6.61,19.65,89527508,18.039999999999985,17.009999999999998,16.53000000000001,16.80666666666666,data/all_twse/1714_2025-06-02_2026-06-02.csv,
TWSE,1714,和桐,2026-10-07,群聯策略,季線支撐後跳空站回5/10/20MA,3,3/5,月線與季線同步上揚、季線站在半年線之上、收盤仍在季線上方、K棒未轉弱、爆量至20日均量4.7x，需留意追高,4.71,0.15,6.61,19.65,89527508,18.039999999999985,17.009999999999998,16.53000000000001,16.80666666666666,data/all_twse/1714_2025-06-02_2026-06-02.csv,
TWSE,1727,中華化,2026-10-07,台積電策略,主升段回測月線,4,4/5,月線仍在季線之上、月線與季線同步上揚、季線站在半年線之上、回測月線後收盤守住、低點貼近月線，回測位置乾淨,0.5,12.91,3.82,106.0,7556204,112.89999999999998,113.00000000000004,103.70499999999997,90.90500000000003,data/all_twse/1727_2025-06-02_2026-06-02.csv,
TWSE,1727,中華化,2026-10-07,群聯策略,主升段回測月線,4,4/5,月線仍在季線之上、月線與季線同步上揚、季線站在半年線之上、回測月線後收盤守住、低點貼近月線，回測位置乾淨,0.5,12.91,3.82,106.0,7556204,112.89999999999998,113.00000000000004,103.70499999999997,90.90500000000003,data/all_twse/1727_2025-06-02_2026-06-02.csv,
TWSE,1802,台玻,2026-10-07,台積電策略,均線糾結後帶量紅K,4,4/5,回測月線後收盤守住、低點貼近月線，回測位置乾淨、紅K收在當日相對高位、爆量至20日均量5.0x，需留意追高、均線收斂後轉強,4.96,0.78,-5.1,65.7,108469283,60.61999999999993,59.539999999999985,59.245000000000005,59.30250000000001,data/all_twse/1802_2025-06-02_2026-06-02.csv,
TWSE,1802,台玻,2026-10-07,群聯策略,均線糾結後帶量紅K,4,4/5,回測月線後收盤守住、低點貼近月線，回測位置乾淨、紅K收在當日相對高位、爆量至20日均量5.0x，需留意追高、均線收斂後轉強,4.96,0.78,-5.1,65.7,108469283,60.61999999999993,59.539999999999985,59.245000000000005,59.30250000000001,data/all_twse/1802_2025-06-02_2026-06-02.csv,
TWSE,2103,台橡,2026-10-07,台積電策略,10/20MA支撐後跳空站回5/10/20MA,5,5/5,短中期均線維持多頭排列、月線與季線同步上揚、季線站在半年線之上、收盤仍在月線上方、紅K收在當日相對高位,1.53,0.08,9.66,29.0,6834786,28.31000000000001,28.014999999999997,27.402499999999996,25.41416666666667,data/all_twse/2103_2025-06-02_2026-06-02.csv,
TWSE,2103,台橡,2026-10-07,群聯策略,10/20MA支撐後跳空站回5/10/20MA,5,5/5,短中期均線維持多頭排列、月線與季線同步上揚、季線站在半年線之上、收盤仍在月線上方、紅K收在當日相對高位,1.53,0.08,9.66,29.0,6834786,28.31000000000001,28.014999999999997,27.402499999999996,25.41416666666667,data/all_twse/2103_2025-06-02_2026-06-02.csv,
TWSE,2108,南帝,2026-10-07,台積電策略,均線糾結後帶量紅K,5,5/5,季線站在半年線之上、回測月線後收盤守住、低點貼近月線，回測位置乾淨、紅K收在當日相對高位、量能健康放大至20日均量2.1x,2.1,-2.23,0.18,29.75,1280074,28.62999999999999,28.615000000000027,28.755000000000006,28.758333333333326,data/all_twse/2108_2025-06-02_2026-06-02.csv,
TWSE,2108,南帝,2026-10-07,群聯策略,均線糾結後帶量紅K,5,5/5,季線站在半年線之上、回測月線後收盤守住、低點貼近月線，回測位置乾淨、紅K收在當日相對高位、量能健康放大至20日均量2.1x,2.1,-2.23,0.18,29.75,1280074,28.62999999999999,28.615000000000027,28.755000000000006,28.758333333333326,data/all_twse/2108_2025-06-02_2026-06-02.csv,
TWSE,2302,麗正,2026-10-07,台積電策略,主升段回測10MA,5,5/5,短中期均線維持多頭排列、月線與季線同步上揚、季線站在半年線之上、回測10MA後收盤守住、紅K收在當日相對高位,1.13,3.63,6.1,48.3,5963579,47.50999999999995,46.33500000000002,44.49000000000001,44.39750000000001,data/all_twse/2302_2025-06-02_2026-06-02.csv,
TWSE,2302,麗正,2026-10-07,群聯策略,主升段回測10MA,5,5/5,短中期均線維持多頭排列、月線與季線同步上揚、季線站在半年線之上、回測10MA後收盤守住、紅K收在當日相對高位,1.13,3.63,6.1,48.3,5963579,47.50999999999995,46.33500000000002,44.49000000000001,44.39750000000001,data/all_twse/2302_2025-06-02_2026-06-02.csv,
TWSE,2409,友達,2026-10-07,台積電策略,主升段回測10MA,5,5/5,短中期均線維持多頭排列、月線與季線同步上揚、季線站在半年線之上、回測10MA後收盤守住、低點貼近10MA，回測位置乾淨,0.62,20.05,11.12,37.95,349688890,38.639999999999986,37.23499999999999,33.35000000000001,29.145000000000035,data/all_twse/2409_2025-06-02_2026-06-02.csv,
TWSE,2409,友達,2026-10-07,群聯策略,主升段回測10MA,5,5/5,短中期均線維持多頭排列、月線與季線同步上揚、季線站在半年線之上、回測10MA後收盤守住、低點貼近10MA，回測位置乾淨,0.62,20.05,11.12,37.95,349688890,38.639999999999986,37.23499999999999,33.35000000000001,29.145000000000035,data/all_twse/2409_2025-06-02_2026-06-02.csv,
TWSE,2464,盟立,2026-10-07,台積電策略,主升段回測10MA,4,4/5,月線仍在季線之上、月線與季線同步上揚、季線站在半年線之上、回測10MA後收盤守住、紅K收在當日相對高位,0.83,0.09,5.24,193.0,12298958,191.1,192.1,192.225,177.04166666666669,data/all_twse/2464_2025-06-01_2026-06-01.csv,
TWSE,2464,盟立,2026-10-07,群聯策略,主升段回測10MA,4,4/5,月線仍在季線之上、月線與季線同步上揚、季線站在半年線之上、回測10MA後收盤守住、紅K收在當日相對高位,0.83,0.09,5.24,193.0,12298958,191.1,192.1,192.225,177.04166666666669,data/all_twse/2464_2025-06-01_2026-06-01.csv,
TWSE,2468,華經,2026-10-07,台積電策略,主升段回測月線,4,4/5,月線仍在季線之上、月線與季線同步上揚、季線站在半年線之上、回測月線後收盤守住、低點貼近月線，回測位置乾淨,0.52,14.36,3.01,41.85,2749683,43.10999999999999,44.56500000000001,41.040000000000006,37.15249999999999,data/all_twse/2468_2025-06-01_2026-06-01.csv,
TWSE,2468,華經,2026-10-07,群聯策略,主升段回測月線,4,4/5,月線仍在季線之上、月線與季線同步上揚、季線站在半年線之上、回測月線後收盤守住、低點貼近月線，回測位置乾淨,0.52,14.36,3.01,41.85,2749683,43.10999999999999,44.56500000000001,41.040000000000006,37.15249999999999,data/all_twse/2468_2025-06-01_2026-06-01.csv,
TWSE,2607,榮運,2026-10-07,台積電策略,均線糾結後帶量紅K,5,5/5,短中期均線維持多頭排列、月線與季線同步上揚、季線站在半年線之上、回測月線後收盤守住、低點貼近月線，回測位置乾淨,3.51,1.77,3.15,55.7,1207069,53.939999999999955,53.77000000000002,53.504999999999995,50.27,data/all_twse/2607_2025-06-01_2026-06-01.csv,
TWSE,2607,榮運,2026-10-07,群聯策略,均線糾結後帶量紅K,5,5/5,短中期均線維持多頭排列、月線與季線同步上揚、季線站在半年線之上、回測月線後收盤守住、低點貼近月線，回測位置乾淨,3.51,1.77,3.15,55.7,1207069,53.939999999999955,53.77000000000002,53.504999999999995,50.27,data/all_twse/2607_2025-06-01_2026-06-01.csv,
TWSE,3021,鴻名,2026-10-07,台積電策略,10/20MA支撐後跳空站回5/10/20MA,4,4/5,短中期均線維持多頭排列、季線站在半年線之上、收盤仍在月線上方、K棒未轉弱、量能健康放大至20日均量2.4x,2.35,15.4,-3.16,27.95,3144039,27.85,27.404999999999994,26.277499999999993,24.229166666666668,data/all_twse/3021_2025-06-01_2026-06-01.csv,
TWSE,3021,鴻名,2026-10-07,群聯策略,10/20MA支撐後跳空站回5/10/20MA,4,4/5,短中期均線維持多頭排列、季線站在半年線之上、收盤仍在月線上方、K棒未轉弱、量能健康放大至20日均量2.4x,2.35,15.4,-3.16,27.95,3144039,27.85,27.404999999999994,26.277499999999993,24.229166666666668,data/all_twse/3021_2025-06-01_2026-06-01.csv,
TWSE,5244,弘凱,2026-10-07,台積電策略,均線糾結後帶量紅K,3,3/5,短中期均線維持多頭排列、收盤仍在月線上方、紅K收在當日相對高位、爆量至20日均量7.5x，需留意追高、紅K實體夠大,7.5,3.97,-2.45,40.75,2240895,37.88999999999995,36.760000000000005,35.76,34.36333333333336,data/all_twse/5244_2025-06-01_2026-06-01.csv,
TWSE,5244,弘凱,2026-10-07,群聯策略,均線糾結後帶量紅K,3,3/5,短中期均線維持多頭排列、收盤仍在月線上方、紅K收在當日相對高位、爆量至20日均量7.5x，需留意追高、紅K實體夠大,7.5,3.97,-2.45,40.75,2240895,37.88999999999995,36.760000000000005,35.76,34.36333333333336,data/all_twse/5244_2025-06-01_2026-06-01.csv,
TWSE,6108,競國,2026-10-07,台積電策略,主升段回測10MA,5,5/5,短中期均線維持多頭排列、月線與季線同步上揚、季線站在半年線之上、回測10MA後收盤守住、紅K收在當日相對高位,1.67,3.16,8.1,25.95,3288330,25.540000000000024,24.914999999999996,23.994999999999997,20.880833333333367,data/all_twse/6108_2025-06-01_2026-06-01.csv,
TWSE,6108,競國,2026-10-07,群聯策略,主升段回測10MA,5,5/5,短中期均線維持多頭排列、月線與季線同步上揚、季線站在半年線之上、回測10MA後收盤守住、紅K收在當日相對高位,1.67,3.16,8.1,25.95,3288330,25.540000000000024,24.914999999999996,23.994999999999997,20.880833333333367,data/all_twse/6108_2025-06-01_2026-06-01.csv,
TWSE,6133,金橋,2026-10-07,台積電策略,主升段回測月線,3,3/5,短中期均線維持多頭排列、月線與季線同步上揚、季線站在半年線之上、收盤仍在月線上方,0.74,11.24,3.88,26.95,4246208,28.52000000000002,27.989999999999988,26.069999999999986,23.690833333333345,data/all_twse/6133_2025-06-01_2026-06-01.csv,
TWSE,6133,金橋,2026-10-07,群聯策略,主升段回測月線,3,3/5,短中期均線維持多頭排列、月線與季線同步上揚、季線站在半年線之上、收盤仍在月線上方,0.74,11.24,3.88,26.95,4246208,28.52000000000002,27.989999999999988,26.069999999999986,23.690833333333345,data/all_twse/6133_2025-06-01_2026-06-01.csv,
TWSE,6141,柏承,2026-10-07,台積電策略,主升段回測10MA,4,4/5,月線仍在季線之上、月線與季線同步上揚、季線站在半年線之上、回測10MA後收盤守住、紅K收在當日相對高位,1.14,5.4,12.73,53.4,2606451,51.799999999999976,51.81,51.320000000000014,43.399999999999984,data/all_twse/6141_2025-06-01_2026-06-01.csv,
TWSE,6141,柏承,2026-10-07,群聯策略,主升段回測10MA,4,4/5,月線仍在季線之上、月線與季線同步上揚、季線站在半年線之上、回測10MA後收盤守住、紅K收在當日相對高位,1.14,5.4,12.73,53.4,2606451,51.799999999999976,51.81,51.320000000000014,43.399999999999984,data/all_twse/6141_2025-06-01_2026-06-01.csv,
TWSE,6278,台表科,2026-10-07,台積電策略,均線糾結後帶量紅K,4,4/5,短中期均線維持多頭排列、季線站在半年線之上、收盤仍在月線上方、紅K收在當日相對高位、量能健康放大至20日均量2.9x,2.89,9.48,-1.53,250.5,22125364,227.6,220.6500000000001,205.25,187.825,data/all_twse/6278_2025-06-01_2026-06-01.csv,
TWSE,6278,台表科,2026-10-07,群聯策略,均線糾結後帶量紅K,4,4/5,短中期均線維持多頭排列、季線站在半年線之上、收盤仍在月線上方、紅K收在當日相對高位、量能健康放大至20日均量2.9x,2.89,9.48,-1.53,250.5,22125364,227.6,220.6500000000001,205.25,187.825,data/all_twse/6278_2025-06-01_2026-06-01.csv,
TWSE,6442,光聖,2026-10-07,台積電策略,均線糾結後帶量紅K,4,4/5,月線仍在季線之上、收盤仍在月線上方、紅K收在當日相對高位、量能健康放大至20日均量1.7x、均線收斂後轉強,1.71,-1.09,-6.83,1815.0,3981562,1655.0,1582.0,1615.5,1537.5,data/all_twse/6442_2025-06-01_2026-06-01.csv,
TWSE,6442,光聖,2026-10-07,群聯策略,均線糾結後帶量紅K,4,4/5,月線仍在季線之上、收盤仍在月線上方、紅K收在當日相對高位、量能健康放大至20日均量1.7x、均線收斂後轉強,1.71,-1.09,-6.83,1815.0,3981562,1655.0,1582.0,1615.5,1537.5,data/all_twse/6442_2025-06-01_2026-06-01.csv,
TWSE,6885,全福生技,2026-10-07,台積電策略,主升段回測月線,3,3/5,月線仍在季線之上、月線與季線同步上揚、季線站在半年線之上、收盤仍在月線上方、紅K收在當日相對高位,1.07,17.93,9.03,30.4,1215020,30.16999999999996,30.494999999999994,28.722500000000014,23.754166666666652,data/all_twse/6885_2025-06-01_2026-06-01.csv,
TWSE,6885,全福生技,2026-10-07,群聯策略,主升段回測月線,3,3/5,月線仍在季線之上、月線與季線同步上揚、季線站在半年線之上、收盤仍在月線上方、紅K收在當日相對高位,1.07,17.93,9.03,30.4,1215020,30.16999999999996,30.494999999999994,28.722500000000014,23.754166666666652,data/all_twse/6885_2025-06-01_2026-06-01.csv,
TWSE,8131,福懋科,2026-10-07,台積電策略,均線糾結後帶量紅K,3,3/5,收盤仍在月線上方、紅K收在當日相對高位、爆量至20日均量3.5x，需留意追高、均線收斂後轉強、紅K實體夠大,3.49,0.15,-4.54,68.2,8343432,64.17999999999996,62.93000000000001,61.85500000000002,65.47500000000001,data/all_twse/8131_2025-06-01_2026-06-01.csv,
TWSE,8131,福懋科,2026-10-07,群聯策略,均線糾結後帶量紅K,3,3/5,收盤仍在月線上方、紅K收在當日相對高位、爆量至20日均量3.5x，需留意追高、均線收斂後轉強、紅K實體夠大,3.49,0.15,-4.54,68.2,8343432,64.17999999999996,62.93000000000001,61.85500000000002,65.47500000000001,data/all_twse/8131_2025-06-01_2026-06-01.csv,
TWSE,8213,志超,2026-10-07,台積電策略,均線糾結後帶量紅K,4,4/5,短中期均線維持多頭排列、收盤仍在月線上方、紅K收在當日相對高位、爆量至20日均量9.5x，需留意追高、均線收斂後轉強,9.45,1.58,-3.9,37.7,6176926,34.81999999999997,34.09,33.35249999999999,33.22500000000003,data/all_twse/8213_2025-06-01_2026-06-01.csv,
TWSE,8213,志超,2026-10-07,群聯策略,均線糾結後帶量紅K,4,4/5,短中期均線維持多頭排列、收盤仍在月線上方、紅K收在當日相對高位、爆量至20日均量9.5x，需留意追高、均線收斂後轉強,9.45,1.58,-3.9,37.7,6176926,34.81999999999997,34.09,33.35249999999999,33.22500000000003,data/all_twse/8213_2025-06-01_2026-06-01.csv,
TWSE,9103,美德醫療-DR,2026-10-07,台積電策略,季線支撐後跳空站回5/10/20MA,3,3/5,季線站在半年線之上、回測季線後收盤守住、K棒未轉弱、爆量至20日均量5.4x，需留意追高、跳空4.3%後未明顯回落,5.37,-1.25,-2.85,5.35,4488428,5.041999999999998,5.008000000000002,5.021000000000003,5.129666666666662,data/all_twse/9103_2025-06-01_2026-06-01.csv,
TWSE,9103,美德醫療-DR,2026-10-07,群聯策略,季線支撐後跳空站回5/10/20MA,3,3/5,季線站在半年線之上、回測季線後收盤守住、K棒未轉弱、爆量至20日均量5.4x，需留意追高、跳空4.3%後未明顯回落,5.37,-1.25,-2.85,5.35,4488428,5.041999999999998,5.008000000000002,5.021000000000003,5.129666666666662,data/all_twse/9103_2025-06-01_2026-06-01.csv,
TWSE,9105,泰金寶-DR,2026-10-07,台積電策略,季線支撐後跳空站回5/10/20MA,4,4/5,季線站在半年線之上、回測季線後收盤守住、低點貼近季線，回測位置乾淨、K棒未轉弱、量能健康放大至20日均量2.7x,2.66,-0.02,-2.72,8.89,48793653,8.511999999999995,8.486000000000008,8.540499999999998,8.612999999999996,data/all_twse/9105_2025-06-01_2026-06-01.csv,
TWSE,9105,泰金寶-DR,2026-10-07,群聯策略,季線支撐後跳空站回5/10/20MA,4,4/5,季線站在半年線之上、回測季線後收盤守住、低點貼近季線，回測位置乾淨、K棒未轉弱、量能健康放大至20日均量2.7x,2.66,-0.02,-2.72,8.89,48793653,8.511999999999995,8.486000000000008,8.540499999999998,8.612999999999996,data/all_twse/9105_2025-06-01_2026-06-01.csv,
TWSE,9919,康那香,2026-10-07,台積電策略,均線糾結後帶量紅K,4,4/5,月線仍在季線之上、回測月線後收盤守住、低點貼近月線，回測位置乾淨、紅K收在當日相對高位、爆量至20日均量5.3x，需留意追高,5.26,0.32,-0.27,14.65,1875646,14.060000000000013,13.969999999999999,13.987499999999994,13.940833333333337,data/all_twse/9919_2025-06-01_2026-06-01.csv,
TWSE,9919,康那香,2026-10-07,群聯策略,均線糾結後帶量紅K,4,4/5,月線仍在季線之上、回測月線後收盤守住、低點貼近月線，回測位置乾淨、紅K收在當日相對高位、爆量至20日均量5.3x，需留意追高,5.26,0.32,-0.27,14.65,1875646,14.060000000000013,13.969999999999999,13.987499999999994,13.940833333333337,data/all_twse/9919_2025-06-01_2026-06-01.csv,
