market,stock_no,stock_name,date,roc_date,volume_shares,turnover_twd,open,high,low,close,change,transactions
twse,3715,定穎投控,2025-07-21,114/07/21,20847180,1309289722,62.10,63.80,62.10,62.20,+0.40,12211
twse,3715,定穎投控,2025-07-22,114/07/22,50781896,3259278185,63.00,67.50,61.90,62.30,+0.10,31439
twse,3715,定穎投控,2025-07-23,114/07/23,22237885,1406985360,62.30,64.50,62.00,64.10,+1.80,14448
twse,3715,定穎投控,2025-07-24,114/07/24,40666629,2674932343,64.90,67.20,63.20,66.80,+2.70,22810
twse,3715,定穎投控,2025-07-25,114/07/25,39965330,2688653841,66.70,69.10,65.40,67.20,+0.40,25947
twse,3715,定穎投控,2025-07-28,114/07/28,46503796,3276018431,67.20,73.50,67.00,71.60,+4.40,33156
twse,3715,定穎投控,2025-07-29,114/07/29,72507121,5424441530,72.30,76.90,72.10,75.80,+4.20,53342
twse,3715,定穎投控,2025-07-30,114/07/30,54814313,4242394105,76.60,79.00,75.60,79.00,+3.20,38070
twse,3715,定穎投控,2025-07-31,114/07/31,38330237,3047327039,79.40,80.90,78.10,79.00,0.00,23371
twse,3715,定穎投控,2025-08-01,114/08/01,57369468,4819646079,77.30,86.90,77.30,85.90,+6.90,68450
twse,3715,定穎投控,2025-08-04,114/08/04,41939116,3522745682,86.00,86.10,81.80,82.50,-3.40,24498
twse,3715,定穎投控,2025-08-05,114/08/05,36606464,3104091727,84.50,88.50,83.00,84.00,+1.50,38545
twse,3715,定穎投控,2025-08-06,114/08/06,51913312,4745572921,90.00,92.40,90.00,92.40,+8.40,27428
twse,3715,定穎投控,2025-08-07,114/08/07,133213708,12565237402,94.20,99.70,91.10,92.00,-0.40,94885
twse,3715,定穎投控,2025-08-08,114/08/08,89255489,8624223328,92.50,101.00,92.10,94.40,+2.40,66320
twse,3715,定穎投控,2025-08-11,114/08/11,44854190,4268127530,96.00,96.80,92.30,95.80,+1.40,29729
twse,3715,定穎投控,2025-08-12,114/08/12,67428922,6644383056,96.40,102.00,95.60,98.80,+3.00,42830
twse,3715,定穎投控,2025-08-13,114/08/13,46808381,4656922275,101.50,104.50,95.40,97.00,-1.80,29415
twse,3715,定穎投控,2025-08-14,114/08/14,57527438,5735010212,97.60,102.00,96.70,101.00,+4.00,41861
twse,3715,定穎投控,2025-08-15,114/08/15,31263881,3176955470,104.00,106.00,100.00,100.50,-0.50,17887
twse,3715,定穎投控,2025-08-18,114/08/18,35067220,3739739925,100.50,110.50,100.00,110.50,+10.00,24490
twse,3715,定穎投控,2025-08-19,114/08/19,82721241,8880846897,114.50,116.50,102.00,103.00,-7.50,43399
twse,3715,定穎投控,2025-08-20,114/08/20,54606768,5395486807,102.50,104.50,93.80,95.00,-8.00,31231
twse,3715,定穎投控,2025-08-21,114/08/21,40642011,3982513359,98.00,100.50,95.60,96.30,+1.30,26203
twse,3715,定穎投控,2025-08-22,114/08/22,73316503,7424841714,101.50,104.50,96.80,103.50,+7.20,56015
twse,3715,定穎投控,2025-08-25,114/08/25,51756732,5521203828,108.00,110.50,104.00,104.50,+1.00,29248
twse,3715,定穎投控,2025-08-26,114/08/26,28110641,2959030813,106.00,108.50,102.00,104.50,0.00,16343
twse,3715,定穎投控,2025-08-27,114/08/27,44019580,4813383366,107.00,112.00,104.50,111.00,+6.50,29030
twse,3715,定穎投控,2025-08-28,114/08/28,27603973,2959973091,111.50,111.50,105.00,106.00,-5.00,19237
twse,3715,定穎投控,2025-08-29,114/08/29,57680995,6469796606,109.00,116.50,107.00,114.00,+8.00,34694
twse,3715,定穎投控,2025-09-01,114/09/01,44026722,4690692572,113.50,114.00,103.00,103.50,-10.50,25288
twse,3715,定穎投控,2025-09-02,114/09/02,67391379,6591519470,105.00,106.00,93.20,95.50,-8.00,40643
twse,3715,定穎投控,2025-09-03,114/09/03,37763479,3615899561,97.50,99.00,93.70,93.80,-1.70,33870
twse,3715,定穎投控,2025-09-04,114/09/04,32727677,3032473461,94.20,94.90,89.50,92.40,-1.40,23493
twse,3715,定穎投控,2025-09-05,114/09/05,27654572,2596731008,94.80,97.00,92.00,92.30,-0.10,19365
twse,3715,定穎投控,2025-09-08,114/09/08,18141164,1686243158,93.90,96.00,91.40,91.50,-0.80,22233
twse,3715,定穎投控,2025-09-09,114/09/09,28835379,2696259382,92.10,95.40,91.50,93.20,+1.70,22018
twse,3715,定穎投控,2025-09-10,114/09/10,49566728,4926181951,94.00,102.50,93.40,102.50,+9.30,30085
twse,3715,定穎投控,2025-09-11,114/09/11,60007347,6023290179,103.00,104.50,96.50,97.80,-4.70,36200
twse,3715,定穎投控,2025-09-12,114/09/12,29103185,2787632663,99.30,99.90,93.80,94.50,-3.30,20432
twse,3715,定穎投控,2025-09-15,114/09/15,38724429,3409983988,93.90,94.30,85.10,86.70,-7.80,26963
twse,3715,定穎投控,2025-09-16,114/09/16,29260382,2619606549,87.60,91.60,86.50,90.00,+3.30,20417
twse,3715,定穎投控,2025-09-17,114/09/17,15692916,1425965309,90.00,92.20,88.70,91.90,+1.90,12192
twse,3715,定穎投控,2025-09-18,114/09/18,21055891,1898886568,92.30,92.80,88.60,89.30,-2.60,19608
twse,3715,定穎投控,2025-09-19,114/09/19,19198016,1757079324,89.50,93.30,89.40,91.00,+1.70,13924
twse,3715,定穎投控,2025-09-22,114/09/22,9756198,890028195,90.50,92.50,90.00,92.10,+1.10,9176
twse,3715,定穎投控,2025-09-23,114/09/23,13811129,1263252492,93.00,93.60,90.10,90.10,-2.00,10355
twse,3715,定穎投控,2025-09-24,114/09/24,7590349,671979679,89.90,90.50,87.70,88.20,-1.90,6160
twse,3715,定穎投控,2025-09-25,114/09/25,8335230,744459650,87.90,91.30,87.50,88.20,0.00,7756
twse,3715,定穎投控,2025-09-26,114/09/26,8433785,725114194,87.30,87.80,84.20,86.90,-1.30,6451
twse,3715,定穎投控,2025-09-30,114/09/30,6259716,557468507,87.80,90.30,87.40,89.40,+2.50,5726
twse,3715,定穎投控,2025-10-01,114/10/01,70281569,6753899461,90.30,98.30,90.30,95.70,+6.30,43356
twse,3715,定穎投控,2025-10-02,114/10/02,44950082,4270589150,96.70,97.40,92.50,92.70,-3.00,32246
twse,3715,定穎投控,2025-10-03,114/10/03,26570860,2501743497,92.70,96.60,92.20,93.50,+0.80,17441
twse,3715,定穎投控,2025-10-07,114/10/07,62168844,6076480885,95.20,101.50,94.50,97.50,+4.00,40070
twse,3715,定穎投控,2025-10-08,114/10/08,67419757,6837686462,96.50,106.00,96.30,101.00,+3.50,45588
twse,3715,定穎投控,2025-10-09,114/10/09,67490948,6954896374,103.00,107.00,98.70,105.00,+4.00,43025
twse,3715,定穎投控,2025-10-13,114/10/13,39677549,3963702979,100.00,102.00,97.20,101.50,-3.50,27080
twse,3715,定穎投控,2025-10-14,114/10/14,56647075,5491992228,103.00,105.00,92.60,93.80,-7.70,40971
twse,3715,定穎投控,2025-10-15,114/10/15,27300016,2602377016,94.50,97.40,92.80,94.80,+1.00,19047
twse,3715,定穎投控,2025-10-16,114/10/16,23581089,2288679877,94.80,98.50,94.80,96.30,+1.50,17219
twse,3715,定穎投控,2025-10-17,114/10/17,10903122,1035715608,95.80,96.70,94.00,94.40,-1.90,10299
twse,3715,定穎投控,2025-10-20,114/10/20,26962723,2522882117,94.90,97.10,91.60,91.90,-2.50,18772
twse,3715,定穎投控,2025-10-21,114/10/21,13045427,1212587281,92.40,94.50,91.60,93.00,+1.10,10441
twse,3715,定穎投控,2025-10-22,114/10/22,7868874,729922995,93.10,94.10,92.00,92.00,-1.00,7342
twse,3715,定穎投控,2025-10-23,114/10/23,8374089,764536907,91.50,92.90,90.70,90.70,-1.30,7876
twse,3715,定穎投控,2025-10-27,114/10/27,47379282,4659151007,99.70,99.70,95.60,97.60,+6.90,30151
twse,3715,定穎投控,2025-10-28,114/10/28,42997180,4174937018,99.00,99.50,94.40,95.10,-2.50,35714
twse,3715,定穎投控,2025-10-29,114/10/29,20828632,1996980382,95.50,97.50,94.00,95.20,+0.10,13833
twse,3715,定穎投控,2025-10-30,114/10/30,26674809,2437646556,95.60,95.90,89.00,89.90,-5.30,23100
twse,3715,定穎投控,2025-10-31,114/10/31,33043497,3021547500,89.90,94.20,89.20,89.90,0.00,23048
twse,3715,定穎投控,2025-11-03,114/11/03,17327832,1597509196,90.60,93.80,90.10,92.60,+2.70,11858
twse,3715,定穎投控,2025-11-04,114/11/04,13646693,1250504944,93.30,93.30,90.20,90.20,-2.40,12617
twse,3715,定穎投控,2025-11-05,114/11/05,14846500,1335065316,88.00,92.60,87.10,92.20,+2.00,12374
twse,3715,定穎投控,2025-11-06,114/11/06,16618935,1537628527,93.00,93.90,91.40,92.60,+0.40,11825
twse,3715,定穎投控,2025-11-07,114/11/07,16510282,1515973714,91.60,93.40,90.00,93.00,+0.40,12194
twse,3715,定穎投控,2025-11-10,114/11/10,71049344,7087466185,94.00,102.00,94.00,101.50,+8.50,46306
twse,3715,定穎投控,2025-11-11,114/11/11,41921887,4566544287,104.00,111.50,103.50,111.50,+10.00,23978
twse,3715,定穎投控,2025-11-12,114/11/12,186117119,20792323098,112.00,121.00,100.50,119.00,+7.50,123983
twse,3715,定穎投控,2025-11-13,114/11/13,87822267,11054766907,122.00,130.50,121.50,130.50,+11.50,59644
twse,3715,定穎投控,2025-11-14,114/11/14,76665602,9530754754,123.00,130.50,120.50,120.50,-10.00,48350
twse,3715,定穎投控,2025-11-17,114/11/17,65390261,8019352548,124.50,126.50,118.50,120.50,0.00,41864
twse,3715,定穎投控,2025-11-18,114/11/18,45896393,5504771792,119.00,125.00,116.00,116.50,-4.00,28581
twse,3715,定穎投控,2025-11-19,114/11/19,35491489,4087921679,118.50,118.50,112.50,113.50,-3.00,23261
twse,3715,定穎投控,2025-11-20,114/11/20,68539524,8407932046,121.50,124.50,117.50,123.00,+9.50,37677
twse,3715,定穎投控,2025-11-21,114/11/21,40390190,4595762529,116.00,119.00,111.00,111.00,-12.00,29000
twse,3715,定穎投控,2025-11-24,114/11/24,31500940,3424169682,112.50,112.50,106.00,108.50,-2.50,17768
twse,3715,定穎投控,2025-11-25,114/11/25,47937661,5544355553,113.50,119.00,111.00,119.00,+10.50,31570
twse,3715,定穎投控,2025-11-26,114/11/26,89995581,10905713347,119.50,126.00,117.00,118.50,-0.50,57159
twse,3715,定穎投控,2025-11-27,114/11/27,39997809,4814713760,121.00,124.00,118.00,118.00,-0.50,25882
twse,3715,定穎投控,2025-11-28,114/11/28,23493502,2774633840,118.50,120.00,116.00,118.50,+0.50,15529
twse,3715,定穎投控,2025-12-01,114/12/01,21860321,2505435165,118.00,118.00,112.00,116.00,-2.50,14914
twse,3715,定穎投控,2025-12-02,114/12/02,24712324,2896707271,117.00,120.00,114.50,114.50,-1.50,16009
twse,3715,定穎投控,2025-12-03,114/12/03,79531878,9607154682,120.50,125.50,114.00,114.50,0.00,44290
twse,3715,定穎投控,2025-12-04,114/12/04,15485144,1761850611,115.00,116.50,111.00,111.50,-3.00,13639
twse,3715,定穎投控,2025-12-05,114/12/05,9546563,1063871917,112.50,113.50,110.00,112.00,+0.50,8824
twse,3715,定穎投控,2025-12-08,114/12/08,30255806,3528449851,114.50,120.00,112.50,117.00,+5.00,19891
twse,3715,定穎投控,2025-12-09,114/12/09,12190117,1421495332,118.50,119.00,115.00,116.00,X0.00,9331
twse,3715,定穎投控,2025-12-10,114/12/10,20421642,2421933364,117.00,121.00,116.50,117.00,+1.00,14713
twse,3715,定穎投控,2025-12-11,114/12/11,70195778,8663142444,119.00,127.00,117.00,121.50,+4.50,47048
twse,3715,定穎投控,2025-12-12,114/12/12,30661769,3681614553,123.00,123.50,117.50,120.00,-1.50,22037
twse,3715,定穎投控,2025-12-15,114/12/15,14192671,1687592508,116.50,120.50,116.50,118.00,-2.00,9854
twse,3715,定穎投控,2025-12-16,114/12/16,23623010,2679602317,118.00,118.00,110.00,114.50,-3.50,19420
twse,3715,定穎投控,2025-12-17,114/12/17,11723619,1336760125,115.00,115.50,112.50,114.00,-0.50,7882
twse,3715,定穎投控,2025-12-18,114/12/18,7269482,818800773,113.50,114.00,111.50,112.50,-1.50,5859
twse,3715,定穎投控,2025-12-19,114/12/19,41971055,5008988788,115.00,122.50,114.00,118.50,+6.00,26005
twse,3715,定穎投控,2025-12-22,114/12/22,21359453,2557655024,120.50,122.00,118.00,120.00,+1.50,15841
twse,3715,定穎投控,2025-12-23,114/12/23,20056287,2432712231,121.00,122.50,119.00,122.00,+2.00,14990
twse,3715,定穎投控,2025-12-24,114/12/24,14173829,1709180802,123.50,123.50,119.00,119.50,-2.50,10776
twse,3715,定穎投控,2025-12-26,114/12/26,39666604,4886163489,121.50,126.00,121.00,123.50,+4.00,26077
twse,3715,定穎投控,2025-12-29,114/12/29,23809824,2846807544,123.00,123.00,118.00,119.50,-4.00,17826
twse,3715,定穎投控,2025-12-30,114/12/30,15640063,1855053082,119.00,121.50,115.50,121.00,+1.50,11805
twse,3715,定穎投控,2025-12-31,114/12/31,69746867,8880674502,121.50,132.50,120.50,127.50,+6.50,46667
twse,3715,定穎投控,2026-01-02,115/01/02,55305834,7161729657,128.00,135.00,125.50,127.00,-0.50,42723
twse,3715,定穎投控,2026-01-05,115/01/05,42589197,5245321798,131.50,131.50,119.00,119.00,-8.00,31694
twse,3715,定穎投控,2026-01-06,115/01/06,21825252,2591463326,120.00,121.50,117.00,118.00,-1.00,17338
twse,3715,定穎投控,2026-01-07,115/01/07,17449284,2049006750,121.00,121.50,115.00,117.00,-1.00,14113
twse,3715,定穎投控,2026-01-08,115/01/08,65776066,8174599165,119.50,128.50,117.50,127.00,+10.00,44591
twse,3715,定穎投控,2026-01-09,115/01/09,65434188,9067983112,135.00,139.50,135.00,139.50,+12.50,26280
twse,3715,定穎投控,2026-01-12,115/01/12,121852894,17614746014,143.50,150.00,139.00,144.50,+5.00,67475
twse,3715,定穎投控,2026-01-13,115/01/13,82291548,11295183990,146.50,147.00,131.50,137.50,-7.00,54385
twse,3715,定穎投控,2026-01-14,115/01/14,48213754,6481794849,139.00,139.50,130.50,133.00,-4.50,34610
twse,3715,定穎投控,2026-01-15,115/01/15,23088898,3034735015,132.50,134.00,129.50,131.50,-1.50,18107
twse,3715,定穎投控,2026-01-16,115/01/16,28456563,3783792939,132.00,135.50,130.00,134.50,+3.00,19234
twse,3715,定穎投控,2026-01-19,115/01/19,22049381,2933328071,135.00,136.50,131.00,132.00,-2.50,15386
twse,3715,定穎投控,2026-01-20,115/01/20,30938874,4090979440,132.00,136.50,129.00,131.50,-0.50,22332
twse,3715,定穎投控,2026-01-21,115/01/21,72383825,9927903518,133.50,143.50,132.00,134.00,+2.50,41602
twse,3715,定穎投控,2026-01-22,115/01/22,47761304,6520030028,139.00,141.00,133.00,136.50,+2.50,33918
twse,3715,定穎投控,2026-01-23,115/01/23,70705965,10083800178,138.00,148.00,135.00,141.50,+5.00,47906
twse,3715,定穎投控,2026-01-26,115/01/26,65778609,9910344710,143.50,155.50,141.00,155.50,+14.00,50891
twse,3715,定穎投控,2026-01-27,115/01/27,50185893,7620353737,157.50,157.50,148.00,149.00,-6.50,37322
twse,3715,定穎投控,2026-01-28,115/01/28,39941737,6060436072,150.50,156.00,147.00,150.00,+1.00,26861
twse,3715,定穎投控,2026-01-29,115/01/29,38309399,5517627830,149.00,150.50,140.00,143.00,-7.00,29932
twse,3715,定穎投控,2026-01-30,115/01/30,23767902,3385068443,141.50,145.00,139.00,143.00,0.00,17451
twse,3715,定穎投控,2026-02-02,115/02/02,20746309,2859062573,140.50,141.50,135.00,138.00,-5.00,17246
twse,3715,定穎投控,2026-02-03,115/02/03,18326808,2621383121,142.00,146.00,140.00,143.50,+5.50,14496
twse,3715,定穎投控,2026-02-04,115/02/04,56774373,8718839487,144.50,157.50,144.00,157.50,+14.00,42720
twse,3715,定穎投控,2026-02-05,115/02/05,38765411,6032180541,155.50,161.50,150.50,151.00,-6.50,35674
twse,3715,定穎投控,2026-02-06,115/02/06,23993053,3453763411,147.50,149.00,139.50,142.00,-9.00,20800
twse,3715,定穎投控,2026-02-09,115/02/09,19975246,2926152483,147.50,151.00,143.50,143.50,+1.50,15413
twse,3715,定穎投控,2026-02-10,115/02/10,12642209,1808430834,145.00,146.00,141.00,142.50,-1.00,11748
twse,3715,定穎投控,2026-02-11,115/02/11,12619032,1791168739,143.00,145.50,140.00,141.00,-1.50,11600
twse,3715,定穎投控,2026-02-23,115/02/23,32180990,4571349138,143.50,148.00,139.00,140.50,-0.50,25619
twse,3715,定穎投控,2026-02-24,115/02/24,24415082,3514772675,141.00,145.50,140.50,145.00,+4.50,18428
twse,3715,定穎投控,2026-02-25,115/02/25,44487613,6646032225,146.00,153.50,143.00,153.00,+8.00,33042
twse,3715,定穎投控,2026-02-26,115/02/26,44059040,6754683788,152.50,160.00,145.50,158.00,+5.00,34120
twse,3715,定穎投控,2026-03-02,115/03/02,22615497,3473264033,151.00,157.50,149.50,153.00,-5.00,18572
twse,3715,定穎投控,2026-03-03,115/03/03,43377626,6820059430,154.50,165.00,152.50,153.00,0.00,31738
twse,3715,定穎投控,2026-03-04,115/03/04,30892438,4529569607,150.00,155.00,142.00,145.00,-8.00,24662
twse,3715,定穎投控,2026-03-05,115/03/05,26979447,4093179342,153.00,156.00,147.00,149.50,+4.50,20046
twse,3715,定穎投控,2026-03-06,115/03/06,28316734,4363165729,148.50,158.50,148.00,153.50,+4.00,20393
twse,3715,定穎投控,2026-03-09,115/03/09,23600990,3298407113,141.00,143.00,138.50,139.00,-14.50,21037
twse,3715,定穎投控,2026-03-10,115/03/10,22231049,3199951825,143.00,146.50,141.50,146.50,+7.50,15869
twse,3715,定穎投控,2026-03-11,115/03/11,19527713,2987362226,149.00,156.00,149.00,152.00,+5.50,15288
twse,3715,定穎投控,2026-03-12,115/03/12,17203194,2626731753,152.00,157.00,150.00,151.50,-0.50,13519
twse,3715,定穎投控,2026-03-13,115/03/13,59800350,9598630675,147.50,166.50,145.50,166.00,+14.50,44773
twse,3715,定穎投控,2026-03-16,115/03/16,65160307,10257624867,163.00,163.50,151.00,161.50,-4.50,46720
twse,3715,定穎投控,2026-03-17,115/03/17,51398144,8255577287,159.50,168.50,155.50,158.00,-3.50,37487
twse,3715,定穎投控,2026-03-18,115/03/18,65951355,11214124781,165.50,173.50,165.00,173.50,+15.50,41466
twse,3715,定穎投控,2026-03-19,115/03/19,74974384,13584469272,173.50,190.50,169.50,190.50,+17.00,66037
twse,3715,定穎投控,2026-03-20,115/03/20,65724571,12001776113,193.00,194.50,176.00,178.50,-12.00,46589
twse,3715,定穎投控,2026-03-23,115/03/23,26463662,4548663452,170.00,177.00,167.50,170.50,-8.00,23739
twse,3715,定穎投控,2026-03-24,115/03/24,34947350,5886277777,177.00,177.00,161.00,166.50,-4.00,27120
twse,3715,定穎投控,2026-03-25,115/03/25,37016043,6620471601,171.00,183.00,170.50,183.00,+16.50,26813
twse,3715,定穎投控,2026-03-26,115/03/26,64174462,12261481975,187.00,197.00,185.00,185.00,+2.00,51983
twse,3715,定穎投控,2026-03-27,115/03/27,76656668,15013138713,183.00,203.50,183.00,203.50,+18.50,69135
twse,3715,定穎投控,2026-03-30,115/03/30,67375265,12763836329,199.50,203.00,183.50,185.00,-18.50,55869
twse,3715,定穎投控,2026-03-31,115/03/31,46170962,8247986576,185.00,187.50,172.00,175.00,-10.00,35849
twse,3715,定穎投控,2026-04-01,115/04/01,43560239,7887682095,185.50,187.50,176.00,180.00,+5.00,44398
twse,3715,定穎投控,2026-04-02,115/04/02,32760078,5834592369,183.00,185.50,172.00,172.00,-8.00,29145
twse,3715,定穎投控,2026-04-07,115/04/07,28276811,5087499689,175.00,184.00,174.00,181.50,+9.50,22479
twse,3715,定穎投控,2026-04-08,115/04/08,44314167,8541667344,190.00,196.50,188.00,194.50,+13.00,36261
twse,3715,定穎投控,2026-04-09,115/04/09,28663150,5431555572,194.50,194.50,185.50,187.00,-7.50,26610
twse,3715,定穎投控,2026-04-10,115/04/10,23846137,4462882710,190.00,191.50,185.00,186.50,-0.50,39039
twse,3715,定穎投控,2026-04-13,115/04/13,19376073,3636558173,188.00,191.50,183.50,186.50,0.00,17212
twse,3715,定穎投控,2026-04-14,115/04/14,18483863,3443730445,190.50,191.50,183.00,186.50,0.00,18443
twse,3715,定穎投控,2026-04-15,115/04/15,27880761,5247766648,189.00,192.00,185.00,185.50,-1.00,23629
twse,3715,定穎投控,2026-04-16,115/04/16,15930163,2963576333,188.50,189.00,182.50,186.50,+1.00,12764
twse,3715,定穎投控,2026-04-17,115/04/17,63631713,12405393472,188.50,201.00,188.50,198.00,+11.50,49170
twse,3715,定穎投控,2026-04-20,115/04/20,35373780,6853298336,198.00,200.00,190.00,190.50,-7.50,34036
twse,3715,定穎投控,2026-04-21,115/04/21,22294322,4286765788,194.50,198.00,188.50,192.00,+1.50,36079
twse,3715,定穎投控,2026-04-22,115/04/22,23402699,4521607811,193.50,198.00,189.00,189.00,-3.00,26706
twse,3715,定穎投控,2026-04-23,115/04/23,28425495,5170543536,192.50,193.50,172.00,179.00,-10.00,37837
twse,3715,定穎投控,2026-04-24,115/04/24,20907117,3882280175,181.50,191.50,181.00,183.00,+4.00,23117
twse,3715,定穎投控,2026-04-27,115/04/27,12689362,2275215798,186.50,187.00,176.00,177.50,-5.50,17076
twse,3715,定穎投控,2026-04-28,115/04/28,9668506,1734816005,178.00,183.00,176.00,179.00,+1.50,10661
twse,3715,定穎投控,2026-04-29,115/04/29,6842098,1208293108,178.00,179.00,174.50,177.50,-1.50,7624
twse,3715,定穎投控,2026-04-30,115/04/30,13277267,2322975889,175.50,178.50,173.00,174.00,-3.50,13257
twse,3715,定穎投控,2026-05-04,115/05/04,12704738,2278244028,176.00,183.00,174.00,179.00,+5.00,12295
twse,3715,定穎投控,2026-05-05,115/05/05,47001121,9053116316,179.50,196.50,178.00,196.50,+17.50,39209
twse,3715,定穎投控,2026-05-06,115/05/06,44004111,8406927953,198.00,200.00,183.00,186.50,-10.00,43951
twse,3715,定穎投控,2026-05-07,115/05/07,19073946,3586185937,189.00,192.00,185.00,189.00,+2.50,19636
twse,3715,定穎投控,2026-05-08,115/05/08,19061361,3477390218,189.00,190.50,177.00,180.50,-8.50,19843
twse,3715,定穎投控,2026-05-11,115/05/11,8846837,1594614379,182.00,182.00,177.00,181.50,+1.00,8841
twse,3715,定穎投控,2026-05-12,115/05/12,8670623,1568807844,182.00,184.00,179.00,180.50,-1.00,9163
twse,3715,定穎投控,2026-05-13,115/05/13,7133672,1264993363,179.00,180.50,176.00,176.50,-4.00,10001
twse,3715,定穎投控,2026-05-14,115/05/14,15769877,2870789885,178.50,186.50,177.50,181.00,+4.50,14047
twse,3715,定穎投控,2026-05-15,115/05/15,15836148,2784221404,182.50,182.50,172.00,175.00,-6.00,18633
twse,3715,定穎投控,2026-05-18,115/05/18,10936783,1830100979,171.00,172.50,163.00,170.50,-4.50,13037
twse,3715,定穎投控,2026-05-19,115/05/19,9050588,1514031747,169.50,174.50,163.50,165.00,-5.50,11503
twse,3715,定穎投控,2026-05-20,115/05/20,7960400,1284027089,166.00,166.00,159.00,161.00,-4.00,9953
twse,3715,定穎投控,2026-05-21,115/05/21,6405639,1060959708,165.00,168.00,163.50,164.00,+3.00,7121
twse,3715,定穎投控,2026-05-22,115/05/22,13230542,2294063055,165.50,178.50,165.50,174.50,+10.50,12399
twse,3715,定穎投控,2026-05-25,115/05/25,16821685,3040699898,176.00,185.00,176.00,179.00,+4.50,20126
twse,3715,定穎投控,2026-05-26,115/05/26,20563558,3800840389,181.00,188.00,178.00,186.00,+7.00,18365
twse,3715,定穎投控,2026-05-27,115/05/27,17196499,3146909482,189.00,191.00,176.50,179.00,-7.00,33732
twse,3715,定穎投控,2026-05-28,115/05/28,9726568,1699851396,178.50,180.00,170.00,171.00,-8.00,12338
twse,3715,定穎投控,2026-05-29,115/05/29,9388270,1638850777,173.00,179.50,171.50,173.50,+2.50,8112
twse,3715,定穎投控,2026-06-01,115/06/01,15082932,2744248626,176.00,185.50,173.50,182.00,+8.50,13405
twse,3715,定穎投控,2026-06-02,115/06/02,12856675,2273041124,185.00,185.50,172.00,173.50,-8.50,14794
twse,3715,定穎投控,2026-06-05,115/06/05,5941562,988131264,165.50,170.50,162.00,170.00,+1.00,6976
twse,3715,定穎投控,2026-06-08,115/06/08,8189737,1290465642,153.00,167.00,153.00,166.00,-4.00,8967
twse,3715,定穎投控,2026-06-09,115/06/09,16071546,2828753527,173.50,179.50,171.00,174.50,+8.50,12431
twse,3715,定穎投控,2026-06-10,115/06/10,11657423,1978567087,172.50,175.50,162.50,162.50,-12.00,13936
twse,3715,定穎投控,2026-06-11,115/06/11,11889160,1976519443,167.50,171.50,160.00,166.00,+3.50,10717
twse,3715,定穎投控,2026-06-12,115/06/12,5842203,989565710,172.00,173.00,166.50,166.50,+0.50,5724
twse,3715,定穎投控,2026-06-15,115/06/15,5117879,871195605,170.00,173.00,168.50,169.00,+2.50,4572
twse,3715,定穎投控,2026-06-16,115/06/16,6412210,1104509965,171.50,174.00,170.00,171.00,+2.00,5848
twse,3715,定穎投控,2026-06-17,115/06/17,7864272,1372551967,169.50,177.50,168.50,176.00,+5.00,7016
twse,3715,定穎投控,2026-06-18,115/06/18,11155279,2009810537,176.50,185.00,176.50,179.00,+3.00,12105
twse,3715,定穎投控,2026-06-22,115/06/22,38842852,7441678777,182.50,196.50,181.50,194.50,+15.50,33738
twse,3715,定穎投控,2026-06-23,115/06/23,19355976,3628331664,195.00,196.00,180.00,180.00,-14.50,38152
twse,3715,定穎投控,2026-06-24,115/06/24,8366932,1506710377,180.00,182.50,177.50,179.50,-0.50,11980
twse,3715,定穎投控,2026-06-25,115/06/25,8598596,1545805471,183.50,185.50,177.00,177.00,-2.50,9108
twse,3715,定穎投控,2026-06-26,115/06/26,8957639,1548197209,176.50,180.00,168.00,168.50,-8.50,10496
twse,3715,定穎投控,2026-06-29,115/06/29,5656135,948821331,170.00,171.50,165.00,166.00,-2.50,7196
twse,3715,定穎投控,2026-06-30,115/06/30,5782696,1007393811,169.00,176.50,168.50,176.00,+10.00,5506
twse,3715,定穎投控,2026-07-01,115/07/01,9801658,1758249996,177.50,186.50,172.00,172.00,-4.00,13450
twse,3715,定穎投控,2026-07-02,115/07/02,5270970,917063991,170.50,179.00,169.00,175.50,0.00,6422
twse,3715,定穎投控,2026-07-03,115/07/03,3878539,671964143,173.50,176.50,172.00,172.00,-3.50,5375
twse,3715,定穎投控,2026-07-06,115/07/06,10609683,1775309064,174.50,174.50,164.00,165.00,-7.00,12150
twse,3715,定穎投控,2026-07-07,115/07/07,11550106,1838167416,166.50,166.50,154.50,155.50,-9.50,14653
twse,3715,定穎投控,2026-07-08,115/07/08,11061563,1664229793,155.50,157.00,146.00,151.50,-4.00,12279
twse,3715,定穎投控,2026-07-13,115/07/13,7377863,1086914827,153.00,154.50,143.50,144.00,-7.00,9129
twse,3715,定穎投控,2026-07-14,115/07/14,8961148,1248199443,144.00,147.00,133.50,141.00,-3.00,9273
twse,3715,定穎投控,2026-07-16,115/07/16,3297393,456027790,140.50,140.50,136.50,137.00,-5.50,4704
twse,3715,定穎投控,2026-07-17,115/07/17,11026800,1393630799,132.50,133.00,123.50,123.50,-13.50,10637
twse,3715,定穎投控,2026-07-20,115/07/20,6644396,794522572,125.00,125.00,115.50,119.50,-4.00,5851
twse,3715,定穎投控,2026-07-22,115/07/22,4798976,605860622,126.00,129.50,124.50,125.50,+3.00,4435
twse,3715,定穎投控,2026-07-23,115/07/23,4364038,540742783,129.00,130.00,120.00,122.50,-3.00,4850
twse,3715,定穎投控,2026-07-24,115/07/24,5114352,604063958,119.50,121.00,116.00,116.50,-6.00,5272
twse,3715,定穎投控,2026-07-27,115/07/27,4970547,557031997,116.50,116.50,109.50,114.00,-2.50,5279
twse,3715,定穎投控,2026-07-28,115/07/28,5475074,580151007,110.00,110.00,103.50,104.00,-10.00,5232
twse,3715,定穎投控,2026-07-29,115/07/29,10588104,1024823570,106.00,106.00,93.60,98.00,-6.00,8658
twse,3715,定穎投控,2026-07-31,115/07/31,3869810,384137427,99.50,99.90,97.60,99.90,+9.00,3149
twse,3715,定穎投控,2026-08-03,115/08/03,4464229,466907560,99.90,107.00,99.90,104.50,+4.60,4086
twse,3715,定穎投控,2026-08-05,115/08/05,7350549,802398196,107.00,113.00,105.50,109.50,+5.00,6166
twse,3715,定穎投控,2026-08-06,115/08/06,9057965,1038674292,109.50,120.00,106.00,116.50,+7.00,7720
twse,3715,定穎投控,2026-08-10,115/08/10,4961217,616722104,119.00,125.50,118.50,125.50,+11.00,3295
twse,3715,定穎投控,2026-08-11,115/08/11,12494182,1570885657,124.50,129.00,122.00,122.00,-3.50,10310
twse,3715,定穎投控,2026-08-12,115/08/12,7082626,837586460,118.50,119.50,117.00,118.00,-4.00,6835
twse,3715,定穎投控,2026-08-13,115/08/13,6303302,752367102,119.00,122.00,117.50,117.50,-0.50,5343
twse,3715,定穎投控,2026-08-14,115/08/14,4353421,507735608,118.00,119.00,115.00,116.00,-1.50,4273
twse,3715,定穎投控,2026-08-17,115/08/17,6106615,694234928,114.50,116.00,111.00,115.00,-1.00,5234
twse,3715,定穎投控,2026-08-18,115/08/18,3518394,393271112,115.00,115.00,110.00,110.00,-5.00,4238
twse,3715,定穎投控,2026-08-20,115/08/20,1972458,214323199,109.50,110.50,107.00,109.50,+2.00,2019
